x,T=1,T=10,T=50,T=100,T=150,T=200,T=250,T=300
-30,0,0,0,0,0,0,0,0
-29.9399,1.09459e-07,0.00325307,0.00830955,0.00934538,0.00971872,0.00991096,0.0100281,0.010107
-29.8799,4.34075e-07,0.0128535,0.0328219,0.0369118,0.0383859,0.0391449,0.0396076,0.039919
-29.8198,9.62735e-07,0.028334,0.0723126,0.0813179,0.0845634,0.0862346,0.0872532,0.087939
-29.7598,1.67749e-06,0.0489462,0.124822,0.140353,0.14595,0.148832,0.150588,0.151771
-29.6997,2.5544e-06,0.0737038,0.187768,0.211105,0.219515,0.223845,0.226484,0.22826
-29.6396,3.5646e-06,0.10144,0.258103,0.290136,0.301678,0.307621,0.311243,0.313681
-29.5796,4.67564e-06,0.130872,0.332483,0.373677,0.388518,0.396159,0.400816,0.403951
-29.5195,5.85288e-06,0.160677,0.407467,0.457848,0.475995,0.485339,0.491033,0.494866
-29.4595,7.06106e-06,0.189561,0.479703,0.538873,0.560184,0.571154,0.57784,0.582341
-29.3994,8.2657e-06,0.216335,0.54612,0.613296,0.637485,0.649937,0.657524,0.662632
-29.3393,9.43455e-06,0.23997,0.604089,0.678159,0.704823,0.718548,0.726911,0.732541
-29.2793,1.05388e-05,0.259652,0.651555,0.731152,0.759799,0.774543,0.783527,0.789574
-29.2192,1.15541e-05,0.27482,0.687133,0.770727,0.800803,0.816281,0.825711,0.832059
-29.1592,1.24611e-05,0.285183,0.710157,0.796145,0.827072,0.842986,0.852681,0.859207
-29.0991,1.32464e-05,0.290726,0.72069,0.807491,0.838699,0.854754,0.864535,0.871118
-29.039,1.39022e-05,0.291694,0.719479,0.805622,0.83658,0.852504,0.862205,0.868733
-28.979,1.44261e-05,0.288568,0.707879,0.792081,0.822327,0.837882,0.847357,0.853733
-28.9189,1.48214e-05,0.282016,0.687737,0.768963,0.798125,0.81312,0.822252,0.828398
-28.8589,1.50954e-05,0.272849,0.661253,0.73876,0.766572,0.78087,0.789576,0.795435
-28.7988,1.52596e-05,0.261958,0.630819,0.704181,0.73049,0.744012,0.752245,0.757785
-28.7387,1.5328e-05,0.250254,0.598864,0.667968,0.692736,0.705464,0.713212,0.718425
-28.6787,1.53164e-05,0.238611,0.567692,0.632724,0.656021,0.667989,0.675275,0.680177
-28.6186,1.52414e-05,0.227814,0.539344,0.60075,0.622738,0.634032,0.640907,0.645532
-28.5586,1.51193e-05,0.21851,0.515485,0.573917,0.594834,0.605577,0.612116,0.616514
-28.4985,1.49655e-05,0.211181,0.497314,0.553571,0.573706,0.584048,0.590342,0.594576
-28.4384,1.47934e-05,0.206119,0.485517,0.540474,0.560145,0.570249,0.576399,0.580535
-28.3784,1.46145e-05,0.203423,0.480258,0.534796,0.554324,0.564354,0.57046,0.574567
-28.3183,1.44375e-05,0.203006,0.481199,0.536143,0.555824,0.565936,0.572091,0.576232
-28.2583,1.42683e-05,0.204614,0.487562,0.54362,0.563712,0.574036,0.580322,0.584551
-28.1982,1.41105e-05,0.207856,0.498213,0.555933,0.576632,0.587272,0.59375,0.598108
-28.1381,1.39652e-05,0.212244,0.511767,0.571505,0.592941,0.603961,0.610671,0.615187
-28.0781,1.38314e-05,0.217235,0.52671,0.588615,0.61084,0.622267,0.629227,0.63391
-28.018,1.37067e-05,0.222274,0.541515,0.605532,0.628524,0.640348,0.64755,0.652396
-27.958,1.35878e-05,0.22684,0.554762,0.620645,0.644315,0.656489,0.663904,0.668895
-27.8979,1.34707e-05,0.230479,0.565237,0.632582,0.656782,0.66923,0.676813,0.681916
-27.8378,1.33515e-05,0.232842,0.572014,0.640297,0.664838,0.677461,0.685151,0.690326
-27.7778,1.3227e-05,0.233697,0.57451,0.643137,0.667801,0.680489,0.688217,0.693419
-27.7177,1.30945e-05,0.232951,0.572513,0.640867,0.665432,0.678068,0.685765,0.690945
-27.6577,1.29526e-05,0.23064,0.56618,0.633673,0.657926,0.6704,0.677998,0.683112
-27.5976,1.28012e-05,0.226928,0.556006,0.622123,0.645876,0.658093,0.665534,0.670542
-27.5375,1.2641e-05,0.222083,0.54277,0.607107,0.630215,0.642098,0.649336,0.654207
-27.4775,1.24741e-05,0.216453,0.527461,0.589752,0.612119,0.62362,0.630624,0.635338
-27.4174,1.23035e-05,0.210434,0.511195,0.571327,0.592912,0.604009,0.610768,0.615316
-27.3574,1.21327e-05,0.204442,0.495119,0.553135,0.573954,0.584656,0.591174,0.595559
-27.2973,1.19655e-05,0.19887,0.480322,0.536412,0.556534,0.566877,0.573176,0.577414
-27.2372,1.18059e-05,0.194068,0.467753,0.522232,0.541772,0.551816,0.557932,0.562047
-27.1772,1.16572e-05,0.190312,0.458151,0.511433,0.530542,0.540363,0.546344,0.550367
-27.1171,1.15224e-05,0.187786,0.451999,0.504558,0.523407,0.533096,0.538995,0.542964
-27.0571,1.14037e-05,0.186575,0.449494,0.501826,0.520597,0.530245,0.536119,0.540072
-26.997,1.13023e-05,0.186655,0.450545,0.50313,0.521995,0.531693,0.537598,0.541571
-26.9369,1.12183e-05,0.187909,0.454791,0.508055,0.527169,0.536995,0.542979,0.547005
-26.8769,1.11509e-05,0.190132,0.461638,0.515923,0.53541,0.545428,0.55153,0.555636
-26.8168,1.10986e-05,0.193055,0.47032,0.525861,0.545804,0.55606,0.562306,0.566509
-26.7568,1.1059e-05,0.196366,0.479961,0.536872,0.557313,0.567826,0.574229,0.578538
-26.6967,1.10293e-05,0.199739,0.489651,0.547921,0.568857,0.579624,0.586183,0.590597
-26.6366,1.10065e-05,0.202861,0.498521,0.558022,0.579404,0.590403,0.597102,0.601611
-26.5766,1.09877e-05,0.205453,0.505807,0.566307,0.588052,0.599238,0.606052,0.610638
-26.5165,1.09701e-05,0.207293,0.510909,0.572099,0.594094,0.605408,0.612301,0.61694
-26.4565,1.09516e-05,0.208233,0.513434,0.574953,0.597066,0.608442,0.615372,0.620036
-26.3964,1.09304e-05,0.208205,0.513219,0.574686,0.59678,0.608146,0.615069,0.619729
-26.3363,1.09059e-05,0.207229,0.510336,0.571385,0.593326,0.604612,0.611488,0.616115
-26.2763,1.08778e-05,0.205401,0.505079,0.565385,0.587056,0.598202,0.604992,0.609562
-26.2162,1.08467e-05,0.202889,0.497931,0.557238,0.578547,0.589506,0.596181,0.600674
-26.1562,1.0814e-05,0.199913,0.489521,0.547663,0.568548,0.579289,0.585831,0.590233
-26.0961,1.07814e-05,0.196728,0.480569,0.537477,0.557914,0.568423,0.574824,0.579132
-26.036,1.07509e-05,0.193601,0.471822,0.52753,0.547532,0.557817,0.56408,0.568295
-25.976,1.07247e-05,0.190789,0.463994,0.518635,0.538249,0.548334,0.554476,0.558609
-25.9159,1.07047e-05,0.188517,0.457711,0.511501,0.530807,0.540732,0.546777,0.550844
-25.8559,1.06928e-05,0.186964,0.453458,0.506679,0.525779,0.535598,0.541578,0.545602
-25.7958,1.06902e-05,0.186247,0.451551,0.504525,0.523536,0.533309,0.539261,0.543266
-25.7357,1.06977e-05,0.186414,0.452106,0.505171,0.524215,0.534006,0.539968,0.54398
-25.6757,1.07153e-05,0.187439,0.455045,0.508524,0.527719,0.537587,0.543597,0.547641
-25.6156,1.07423e-05,0.189233,0.460097,0.514276,0.533725,0.543725,0.549815,0.553914
-25.5556,1.07777e-05,0.191644,0.466835,0.521939,0.541724,0.551897,0.558093,0.562262
-25.4955,1.08197e-05,0.194478,0.474705,0.530883,0.551057,0.561431,0.56775,0.572002
-25.4354,1.08662e-05,0.197511,0.483081,0.540393,0.560979,0.571566,0.578015,0.582354
-25.3754,1.09147e-05,0.200509,0.49131,0.549731,0.570719,0.581513,0.588088,0.592513
-25.3153,1.09629e-05,0.203249,0.498772,0.558189,0.579538,0.590519,0.597207,0.601709
-25.2553,1.10085e-05,0.205534,0.504923,0.565153,0.586796,0.597928,0.604709,0.609273
-25.1952,1.10494e-05,0.207208,0.509342,0.570143,0.591992,0.60323,0.610076,0.614683
-25.1351,1.1084e-05,0.20817,0.511757,0.572851,0.594805,0.606098,0.612977,0.617607
-25.0751,1.11113e-05,0.208379,0.512063,0.573162,0.595117,0.60641,0.613289,0.617919
-25.015,1.11307e-05,0.207853,0.51033,0.571156,0.593012,0.604253,0.6111,0.615708
-24.955,1.11423e-05,0.206672,0.50679,0.567098,0.588765,0.599908,0.606696,0.611264
-24.8949,1.11466e-05,0.204964,0.501811,0.56141,0.582818,0.593828,0.600535,0.605048
-24.8348,1.11447e-05,0.202896,0.49587,0.554633,0.575737,0.58659,0.593201,0.597649
-24.7748,1.1138e-05,0.20066,0.489505,0.54738,0.568162,0.578849,0.585358,0.589738
-24.7147,1.1128e-05,0.198454,0.483272,0.540286,0.560755,0.57128,0.57769,0.582003
-24.6547,1.11164e-05,0.196467,0.477702,0.53395,0.554142,0.564524,0.570846,0.575101
-24.5946,1.11047e-05,0.194865,0.473252,0.528895,0.548867,0.559136,0.565389,0.569597
-24.5345,1.10942e-05,0.193776,0.470274,0.525519,0.545347,0.55554,0.561748,0.565926
-24.4745,1.10859e-05,0.193281,0.468987,0.524069,0.543838,0.554002,0.560191,0.564356
-24.4144,1.10801e-05,0.193408,0.46946,0.524624,0.544423,0.554602,0.560801,0.564973
-24.3544,1.10771e-05,0.194132,0.471614,0.527091,0.547005,0.557243,0.563479,0.567674
-24.2943,1.10763e-05,0.195376,0.475228,0.531219,0.551319,0.561654,0.567948,0.572184
-24.2342,1.10768e-05,0.19702,0.479959,0.536616,0.556959,0.567419,0.57379,0.578077
-24.1742,1.10776e-05,0.198913,0.485376,0.542793,0.563411,0.574014,0.580472,0.584817
-24.1141,1.10771e-05,0.200883,0.490996,0.549197,0.570101,0.580852,0.587399,0.591805
-24.0541,1.10738e-05,0.202751,0.496322,0.555267,0.57644,0.58733,0.593963,0.598426
-23.994,1.10661e-05,0.204351,0.500888,0.560469,0.581874,0.592883,0.599589,0.604101
-23.9339,1.10527e-05,0.205538,0.504291,0.564349,0.585927,0.597025,0.603785,0.608335
-23.8739,1.10325e-05,0.206202,0.506229,0.566562,0.58824,0.59939,0.606182,0.610752
-23.8138,1.10046e-05,0.206275,0.506521,0.566903,0.588599,0.599758,0.606556,0.61113
-23.7538,1.09688e-05,0.205737,0.505116,0.565316,0.586947,0.598072,0.604849,0.60941
-23.6937,1.09251e-05,0.204618,0.502102,0.561902,0.583388,0.594438,0.601169,0.605699
-23.6336,1.08743e-05,0.202991,0.497691,0.556903,0.578175,0.589115,0.595779,0.600264
-23.5736,1.08173e-05,0.200968,0.492202,0.55068,0.571687,0.58249,0.589071,0.593499
-23.5135,1.07553e-05,0.19869,0.486031,0.543687,0.564396,0.575046,0.581532,0.585897
-23.4535,1.06901e-05,0.196314,0.47962,0.536426,0.556826,0.567317,0.573707,0.578007
-23.3934,1.06232e-05,0.194003,0.473419,0.529408,0.549513,0.559852,0.566148,0.570385
-23.3333,1.05564e-05,0.191908,0.467852,0.523114,0.542957,0.553159,0.559373,0.563555
-23.2733,1.04912e-05,0.190159,0.463277,0.517953,0.537583,0.547677,0.553824,0.557961
-23.2132,1.04289e-05,0.188855,0.459966,0.514231,0.533713,0.543731,0.549832,0.553937
-23.1532,1.03707e-05,0.188057,0.45808,0.512131,0.531537,0.541515,0.547592,0.551681
-23.0931,1.0317e-05,0.187781,0.457659,0.511698,0.5311,0.541076,0.547152,0.551241
-23.033,1.02682e-05,0.188002,0.458623,0.512838,0.532306,0.542316,0.548413,0.552515
-22.973,1.02242e-05,0.188653,0.460779,0.515333,0.534924,0.544999,0.551135,0.555264
-22.9129,1.01845e-05,0.189635,0.463841,0.518856,0.538616,0.548777,0.554966,0.559131
-22.8529,1.01484e-05,0.190822,0.467456,0.523004,0.542958,0.55322,0.559471,0.563677
-22.7928,1.01149e-05,0.192076,0.471231,0.527331,0.547486,0.557852,0.564167,0.568416
-22.7327,1.0083e-05,0.193256,0.474772,0.531388,0.551731,0.562194,0.568568,0.572857
-22.6727,1.00518e-05,0.194231,0.477712,0.534757,0.555256,0.565801,0.572223,0.576546
-22.6126,1.00203e-05,0.194891,0.479742,0.537089,0.557698,0.568299,0.574756,0.579102
-22.5526,9.98811e-06,0.195154,0.48064,0.538129,0.55879,0.569418,0.575892,0.580249
-22.4925,9.95473e-06,0.194976,0.480281,0.537737,0.558387,0.569009,0.575479,0.579834
-22.4324,9.92019e-06,0.194351,0.478652,0.535899,0.556473,0.567056,0.573503,0.577842
-22.3724,9.88486e-06,0.193311,0.475851,0.532726,0.553165,0.563679,0.570083,0.574393
-22.3123,9.84941e-06,0.191925,0.472072,0.528441,0.548697,0.559115,0.565462,0.569733
-22.2523,9.81482e-06,0.190294,0.467598,0.523363,0.5434,0.553706,0.559983,0.564208
-22.1922,9.7823e-06,0.188536,0.462765,0.517878,0.537678,0.547862,0.554065,0.558239
-22.1321,9.75319e-06,0.186785,0.457945,0.512406,0.531969,0.542031,0.54816,0.552284
-22.0721,9.72885e-06,0.185172,0.453505,0.507366,0.526713,0.536662,0.542722,0.5468
-22.012,9.7106e-06,0.183821,0.449787,0.503147,0.522311,0.532167,0.53817,0.542209
-21.952,9.69961e-06,0.182832,0.447073,0.500068,0.5191,0.528888,0.534849,0.53886
-21.8919,9.69678e-06,0.18228,0.445568,0.498361,0.517321,0.527071,0.533009,0.537005
-21.8318,9.70272e-06,0.182206,0.445379,0.49815,0.517102,0.526847,0.532783,0.536778
-21.7718,9.71771e-06,0.182615,0.446516,0.499443,0.518451,0.528226,0.53418,0.538186
-21.7117,9.74166e-06,0.183475,0.448885,0.502134,0.521259,0.531094,0.537084,0.541115
-21.6517,9.77414e-06,0.184721,0.452302,0.506012,0.525303,0.535225,0.541268,0.545335
-21.5916,9.81442e-06,0.186262,0.456507,0.510781,0.530277,0.540304,0.546412,0.550522
-21.5315,9.86156e-06,0.187988,0.461189,0.516087,0.53581,0.545954,0.552132,0.556291
-21.4715,9.91444e-06,0.189777,0.466009,0.521546,0.5415,0.551763,0.558014,0.562222
-21.4114,9.97189e-06,0.19151,0.470632,0.526775,0.546948,0.557325,0.563645,0.567899
-21.3514,1.00328e-05,0.193076,0.474752,0.531426,0.551792,0.562267,0.568648,0.572942
-21.2913,1.0096e-05,0.194385,0.478114,0.535213,0.555731,0.566285,0.572714,0.577041
-21.2312,1.01609e-05,0.195371,0.480542,0.537932,0.558555,0.569162,0.575624,0.579973
-21.1712,1.02267e-05,0.196,0.481943,0.539479,0.560154,0.570789,0.577267,0.581626
-21.1111,1.02931e-05,0.19627,0.482319,0.539858,0.560533,0.571167,0.577645,0.582004
-21.0511,1.03601e-05,0.196214,0.481762,0.539173,0.559801,0.570411,0.576873,0.581223
-20.991,1.0428e-05,0.195891,0.480447,0.537626,0.558168,0.568733,0.575169,0.5795
-20.9309,1.04971e-05,0.195387,0.478616,0.53549,0.555921,0.566428,0.572828,0.577135
-20.8709,1.05681e-05,0.194803,0.476554,0.533092,0.553399,0.563842,0.570203,0.574483
-20.8108,1.06417e-05,0.194248,0.474569,0.53078,0.550967,0.561348,0.567671,0.571926
-20.7508,1.07186e-05,0.193828,0.47296,0.528896,0.548983,0.559311,0.565602,0.569836
-20.6907,1.07995e-05,0.19364,0.471999,0.527749,0.547767,0.55806,0.564329,0.568547
-20.6306,1.08847e-05,0.193761,0.471903,0.527586,0.547577,0.557857,0.564118,0.56833
-20.5706,1.09747e-05,0.194245,0.472818,0.528572,0.548588,0.55888,0.565148,0.569366
-20.5105,1.10693e-05,0.195115,0.474808,0.53078,0.550875,0.561207,0.567499,0.571734
-20.4505,1.11683e-05,0.196362,0.477851,0.534186,0.55441,0.564809,0.571143,0.575405
-20.3904,1.12711e-05,0.19795,0.48184,0.538665,0.559066,0.569557,0.575946,0.580245
-20.3303,1.13769e-05,0.199813,0.48659,0.54401,0.564626,0.575227,0.581683,0.586028
-20.2703,1.14846e-05,0.201864,0.491861,0.549945,0.570801,0.581526,0.588057,0.592453
-20.2102,1.15929e-05,0.204003,0.497368,0.556149,0.577257,0.588111,0.594721,0.59917
-20.1502,1.17005e-05,0.206122,0.502814,0.562282,0.583637,0.594619,0.601307,0.605808
-20.0901,1.18062e-05,0.208117,0.507907,0.568012,0.589597,0.600698,0.607458,0.612008
-20.03,1.19085e-05,0.209892,0.512386,0.573044,0.594828,0.606031,0.612854,0.617446
-19.97,1.20064e-05,0.211373,0.516041,0.577139,0.599082,0.610366,0.617239,0.621864
-19.9099,1.2099e-05,0.212505,0.518729,0.580135,0.602189,0.61353,0.620437,0.625086
-19.8498,1.21856e-05,0.213265,0.520386,0.58196,0.604073,0.615445,0.622371,0.627032
-19.7898,1.22657e-05,0.213656,0.521028,0.582632,0.604755,0.616131,0.62306,0.627723
-19.7297,1.23392e-05,0.21371,0.520747,0.582258,0.604346,0.615704,0.622621,0.627277
-19.6697,1.24062e-05,0.213484,0.519707,0.581024,0.60304,0.614361,0.621256,0.625895
-19.6096,1.24671e-05,0.213053,0.518124,0.579176,0.601095,0.612365,0.619229,0.623848
-19.5495,1.25223e-05,0.212506,0.51625,0.577002,0.59881,0.610023,0.616852,0.621448
-19.4895,1.25724e-05,0.211938,0.514349,0.574801,0.5965,0.607656,0.61445,0.619022
-19.4294,1.26179e-05,0.211438,0.512677,0.572865,0.594467,0.605574,0.612338,0.616889
-19.3694,1.26594e-05,0.211088,0.511459,0.57145,0.59298,0.604049,0.61079,0.615326
-19.3093,1.26973e-05,0.210949,0.510869,0.570754,0.592246,0.603294,0.610023,0.614551
-19.2492,1.27319e-05,0.211063,0.511021,0.570907,0.592398,0.603446,0.610175,0.614702
-19.1892,1.27632e-05,0.211445,0.511955,0.571952,0.593484,0.604553,0.611294,0.61583
-19.1291,1.2791e-05,0.212081,0.513635,0.573851,0.595461,0.606571,0.613337,0.61789
-19.0691,1.28149e-05,0.212936,0.515955,0.576481,0.598204,0.609372,0.616173,0.620749
-19.009,1.28343e-05,0.213949,0.518747,0.579651,0.601511,0.61275,0.619594,0.6242
-18.9489,1.28485e-05,0.215044,0.521795,0.583116,0.605127,0.616444,0.623336,0.627973
-18.8889,1.28567e-05,0.216132,0.524853,0.586595,0.608759,0.620154,0.627095,0.631765
-18.8288,1.2858e-05,0.217125,0.527667,0.589799,0.612105,0.623574,0.630559,0.635259
-18.7688,1.28515e-05,0.217933,0.529993,0.592453,0.614878,0.626408,0.633431,0.638156
-18.7087,1.28365e-05,0.218483,0.531623,0.594317,0.616827,0.628402,0.635451,0.640195
-18.6486,1.28125e-05,0.218716,0.532392,0.595207,0.617761,0.629358,0.636422,0.641175
-18.5886,1.27791e-05,0.218594,0.532202,0.595008,0.61756,0.629156,0.636219,0.640972
-18.5285,1.27362e-05,0.218107,0.53102,0.593687,0.616188,0.627758,0.634805,0.639547
-18.4685,1.2684e-05,0.217267,0.528887,0.591287,0.613693,0.625213,0.63223,0.636952
-18.4084,1.26227e-05,0.216113,0.525909,0.587932,0.610201,0.621651,0.628625,0.633318
-18.3483,1.25532e-05,0.214703,0.522252,0.583808,0.605909,0.617272,0.624193,0.628851
-18.2883,1.24761e-05,0.213112,0.518123,0.579154,0.601064,0.61233,0.619191,0.623808
-18.2282,1.23924e-05,0.211422,0.513758,0.574235,0.595945,0.607108,0.613906,0.618481
-18.1682,1.23032e-05,0.209722,0.509399,0.569327,0.59084,0.601901,0.608637,0.61317
-18.1081,1.22094e-05,0.208093,0.505275,0.564692,0.58602,0.596986,0.603664,0.608158
-18.048,1.21121e-05,0.206607,0.501586,0.560555,0.581722,0.592605,0.599233,0.603693
-17.988,1.2012e-05,0.205321,0.498483,0.557089,0.578126,0.588942,0.595529,0.599961
-17.9279,1.191e-05,0.204269,0.496062,0.554402,0.575343,0.58611,0.592667,0.59708
-17.8679,1.18065e-05,0.203464,0.494353,0.552527,0.57341,0.584147,0.590686,0.595086
-17.8078,1.17018e-05,0.202894,0.49332,0.551423,0.572282,0.583007,0.589539,0.593934
-17.7477,1.15961e-05,0.202526,0.492867,0.550981,0.571845,0.582574,0.589107,0.593504
-17.6877,1.14893e-05,0.202308,0.492846,0.551031,0.571923,0.582665,0.589208,0.593611
-17.6276,1.13813e-05,0.202176,0.49307,0.55136,0.572291,0.583055,0.589611,0.594022
-17.5676,1.12718e-05,0.202055,0.493329,0.551729,0.572703,0.583488,0.590057,0.594478
-17.5075,1.11604e-05,0.201871,0.493411,0.551898,0.572904,0.583707,0.590286,0.594714
-17.4474,1.10471e-05,0.201552,0.493117,0.551639,0.572659,0.58347,0.590054,0.594485
-17.3874,1.09315e-05,0.201041,0.492282,0.550763,0.57177,0.582574,0.589155,0.593584
-17.3273,1.08137e-05,0.200295,0.490783,0.549132,0.570093,0.580873,0.58744,0.591859
-17.2673,1.06939e-05,0.199289,0.488554,0.546671,0.567549,0.578287,0.584828,0.58923
-17.2072,1.05722e-05,0.198022,0.485593,0.543375,0.564134,0.574811,0.581314,0.585691
-17.1471,1.04494e-05,0.196516,0.481955,0.53931,0.559916,0.570514,0.576969,0.581313
-17.0871,1.03261e-05,0.194811,0.477755,0.534606,0.555029,0.565534,0.571932,0.576238
-17.027,1.02032e-05,0.192965,0.473156,0.529445,0.549667,0.560068,0.566402,0.570666
-16.967,1.00818e-05,0.191048,0.468353,0.524053,0.544063,0.554353,0.560622,0.56484
-16.9069,9.96284e-06,0.189139,0.463561,0.518673,0.53847,0.548652,0.554854,0.559027
-16.8468,9.84756e-06,0.187315,0.458997,0.513551,0.533147,0.543225,0.549364,0.553495
-16.7868,9.73698e-06,0.185648,0.454863,0.508915,0.528331,0.538316,0.544398,0.548491
-16.7267,9.63208e-06,0.184201,0.451326,0.504958,0.524223,0.53413,0.540165,0.544226
-16.6667,9.53368e-06,0.183019,0.448513,0.501821,0.52097,0.530818,0.536816,0.540853
-16.6066,9.44243e-06,0.182129,0.446495,0.499586,0.518657,0.528465,0.534439,0.53846
-16.5465,9.35878e-06,0.181537,0.445286,0.498267,0.517299,0.527088,0.53305,0.537063
-16.4865,9.28294e-06,0.181228,0.444839,0.497812,0.516843,0.52663,0.532592,0.536604
-16.4264,9.21497e-06,0.181169,0.445058,0.49811,0.51717,0.526973,0.532945,0.536963
-16.3664,9.1547e-06,0.181309,0.445801,0.498998,0.518112,0.527944,0.533932,0.537963
-16.3063,9.10185e-06,0.181588,0.446893,0.500279,0.519463,0.529331,0.535341,0.539387
-16.2462,9.05603e-06,0.181938,0.448145,0.501737,0.520997,0.530904,0.536938,0.541
-16.1862,9.01681e-06,0.182292,0.449367,0.503156,0.522488,0.532432,0.538489,0.542566
-16.1261,8.98376e-06,0.182589,0.450385,0.504338,0.523729,0.533704,0.53978,0.54387
-16.0661,8.95653e-06,0.182775,0.451056,0.505118,0.52455,0.534546,0.540635,0.544734
-16.006,8.93482e-06,0.182816,0.451276,0.505383,0.52483,0.534835,0.540929,0.545031
-15.9459,8.91851e-06,0.182692,0.450996,0.505072,0.524509,0.534507,0.540598,0.544698
-15.8859,8.9076e-06,0.182404,0.450217,0.504189,0.523588,0.533567,0.539646,0.543738
-15.8258,8.90223e-06,0.18197,0.448995,0.502797,0.522135,0.532083,0.538142,0.542221
-15.7658,8.9027e-06,0.181428,0.447433,0.501015,0.520273,0.530179,0.536214,0.540275
-15.7057,8.9094e-06,0.180827,0.445674,0.499006,0.518172,0.528031,0.534036,0.538078
-15.6456,8.92282e-06,0.180229,0.443889,0.496961,0.516033,0.525844,0.531819,0.535841
-15.5856,8.94346e-06,0.179697,0.442259,0.49509,0.514074,0.523838,0.529786,0.533789
-15.5255,8.97182e-06,0.179296,0.440964,0.493595,0.512506,0.522233,0.528158,0.532145
-15.4655,9.00832e-06,0.179083,0.440165,0.492661,0.511522,0.521223,0.527133,0.531109
-15.4054,9.05328e-06,0.179105,0.439992,0.492435,0.511277,0.520968,0.52687,0.530843
-15.3453,9.10686e-06,0.179394,0.440535,0.493019,0.511875,0.521573,0.527481,0.531456
-15.2853,9.16906e-06,0.179963,0.441833,0.494458,0.513365,0.523089,0.529012,0.532998
-15.2252,9.23967e-06,0.18081,0.443873,0.496738,0.515731,0.525499,0.531449,0.535453
-15.1652,9.31828e-06,0.181911,0.446594,0.499788,0.518898,0.528727,0.534714,0.538743
-15.1051,9.40434e-06,0.183228,0.449886,0.503483,0.522739,0.532642,0.538675,0.542735
-15.045,9.4971e-06,0.184708,0.453605,0.507659,0.52708,0.537069,0.543153,0.547247
-14.985,9.59573e-06,0.186292,0.457581,0.512124,0.531721,0.5418,0.54794,0.552072
-14.9249,9.69931e-06,0.187913,0.461634,0.516672,0.536448,0.546619,0.552814,0.556984
-14.8649,9.8069e-06,0.189509,0.465586,0.521102,0.54105,0.551309,0.557559,0.561764
-14.8048,9.91759e-06,0.19102,0.469277,0.525233,0.545338,0.555679,0.561978,0.566217
-14.7447,1.00305e-05,0.1924,0.472578,0.528916,0.549158,0.55957,0.565912,0.57018
-14.6847,1.0145e-05,0.193614,0.475398,0.53205,0.552404,0.562873,0.56925,0.573542
-14.6246,1.02603e-05,0.194646,0.477691,0.534583,0.555023,0.565535,0.571939,0.576248
-14.5646,1.0376e-05,0.195496,0.479461,0.536519,0.557018,0.56756,0.573982,0.578304
-14.5045,1.04919e-05,0.196178,0.480757,0.537916,0.558449,0.56901,0.575442,0.579771
-14.4444,1.06077e-05,0.196726,0.481671,0.538878,0.559427,0.569995,0.576432,0.580764
-14.3844,1.07234e-05,0.197181,0.482326,0.539545,0.560097,0.570666,0.577103,0.581435
-14.3243,1.0839e-05,0.197595,0.482867,0.540083,0.560632,0.571199,0.577636,0.581967
-14.2643,1.09545e-05,0.19802,0.483448,0.540667,0.561215,0.571782,0.578217,0.582548
-14.2042,1.10701e-05,0.19851,0.484216,0.541464,0.562022,0.572593,0.579031,0.583363
-14.1441,1.11857e-05,0.19911,0.485301,0.542624,0.563207,0.57379,0.580236,0.584574
-14.0841,1.13014e-05,0.199856,0.486804,0.54426,0.56489,0.575498,0.581958,0.586306
-14.024,1.14169e-05,0.200769,0.488788,0.546446,0.567146,0.577791,0.584273,0.588636
-13.964,1.15319e-05,0.201856,0.491273,0.549202,0.569999,0.580693,0.587206,0.591589
-13.9039,1.16461e-05,0.203109,0.494233,0.5525,0.573419,0.584175,0.590726,0.595134
-13.8438,1.17589e-05,0.204502,0.497599,0.556262,0.577323,0.588152,0.594748,0.599186
-13.7838,1.18697e-05,0.205997,0.501265,0.560366,0.581585,0.592496,0.599141,0.603612
-13.7237,1.19775e-05,0.207545,0.505096,0.56466,0.586046,0.597042,0.603739,0.608246
-13.6637,1.20817e-05,0.209092,0.508937,0.568968,0.590521,0.601604,0.608354,0.612896
-13.6036,1.21813e-05,0.210579,0.51263,0.573109,0.594823,0.605989,0.61279,0.617366
-13.5435,1.22756e-05,0.211951,0.51602,0.576908,0.59877,0.610012,0.616858,0.621466
-13.4835,1.23638e-05,0.213159,0.518975,0.580215,0.602203,0.61351,0.620396,0.62503
-13.4234,1.24452e-05,0.214165,0.521388,0.582908,0.604997,0.616356,0.623273,0.627928
-13.3634,1.25193e-05,0.214944,0.523191,0.584911,0.607072,0.618467,0.625407,0.630077
-13.3033,1.25857e-05,0.215484,0.524357,0.586193,0.608395,0.619811,0.626764,0.631443
-13.2432,1.26443e-05,0.215791,0.524902,0.586773,0.608987,0.620409,0.627366,0.632047
-13.1832,1.26949e-05,0.215884,0.524882,0.586716,0.608915,0.620329,0.627281,0.631959
-13.1231,1.27377e-05,0.215796,0.52439,0.586125,0.608288,0.619684,0.626624,0.631294
-13.0631,1.27729e-05,0.215567,0.523544,0.585138,0.607248,0.618617,0.62554,0.630199
-13.003,1.28009e-05,0.215246,0.52248,0.583907,0.605956,0.617293,0.624197,0.628843
-12.9429,1.2822e-05,0.214883,0.521338,0.582592,0.604579,0.615883,0.622767,0.6274
-12.8829,1.28366e-05,0.214526,0.520253,0.581347,0.603276,0.61455,0.621416,0.626036
-12.8228,1.28452e-05,0.214217,0.51934,0.580304,0.602184,0.613434,0.620285,0.624895
-12.7628,1.28481e-05,0.213988,0.51869,0.579563,0.601411,0.612644,0.619484,0.624087
-12.7027,1.28454e-05,0.213859,0.518357,0.579189,0.601022,0.612247,0.619082,0.623682
-12.6426,1.28376e-05,0.213838,0.51836,0.5792,0.601036,0.612263,0.6191,0.623701
-12.5826,1.28244e-05,0.213917,0.518677,0.579573,0.60143,0.612668,0.619511,0.624116
-12.5225,1.28061e-05,0.214076,0.519251,0.580242,0.602134,0.61339,0.620244,0.624857
-12.4625,1.27824e-05,0.214286,0.519994,0.581106,0.603043,0.614321,0.62119,0.625812
-12.4024,1.27531e-05,0.214506,0.520793,0.582038,0.604024,0.615327,0.622212,0.626844
-12.3423,1.2718e-05,0.214692,0.521524,0.582896,0.604928,0.616256,0.623155,0.627798
-12.2823,1.2677e-05,0.2148,0.52206,0.583535,0.605605,0.616953,0.623864,0.628515
-12.2222,1.26297e-05,0.214787,0.522282,0.58382,0.605913,0.617273,0.624192,0.628848
-12.1622,1.25762e-05,0.214618,0.522089,0.583636,0.605733,0.617095,0.624015,0.628672
-12.1021,1.25163e-05,0.214265,0.521407,0.582898,0.604976,0.616328,0.623242,0.627895
-12.042,1.24501e-05,0.213716,0.520196,0.581561,0.603594,0.614924,0.621824,0.626467
-11.982,1.23778e-05,0.212967,0.518449,0.579619,0.601582,0.612875,0.619753,0.624382
-11.9219,1.22999e-05,0.21203,0.5162,0.577108,0.598976,0.610221,0.61707,0.621679
-11.8619,1.22167e-05,0.21093,0.513515,0.574102,0.595856,0.607042,0.613855,0.618439
-11.8018,1.2129e-05,0.209699,0.510486,0.57071,0.592334,0.603452,0.610224,0.614781
-11.7417,1.20373e-05,0.20838,0.507232,0.567063,0.588545,0.599591,0.606319,0.610846
-11.6817,1.19425e-05,0.207019,0.503877,0.563306,0.584643,0.595614,0.602296,0.606792
-11.6216,1.18453e-05,0.205663,0.500553,0.559585,0.580779,0.591677,0.598314,0.60278
-11.5616,1.17465e-05,0.204355,0.497381,0.556038,0.577098,0.587927,0.594522,0.59896
-11.5015,1.16469e-05,0.203135,0.494464,0.552783,0.573722,0.584488,0.591046,0.595458
-11.4414,1.15472e-05,0.202031,0.491881,0.54991,0.570745,0.581458,0.587982,0.592373
-11.3814,1.14479e-05,0.201062,0.489682,0.547474,0.568224,0.578893,0.585392,0.589764
-11.3213,1.13495e-05,0.200235,0.487882,0.545492,0.566177,0.576813,0.583291,0.587651
-11.2613,1.12525e-05,0.199546,0.486464,0.543943,0.564583,0.575196,0.58166,0.58601
-11.2012,1.1157e-05,0.198977,0.485379,0.542773,0.563383,0.573982,0.580437,0.58478
-11.1411,1.10632e-05,0.198505,0.484555,0.541898,0.562491,0.573081,0.579531,0.583871
-11.0811,1.09712e-05,0.198096,0.483897,0.541212,0.561796,0.572381,0.578828,0.583167
-11.021,1.0881e-05,0.197716,0.483306,0.540598,0.561175,0.571758,0.578203,0.58254
-10.961,1.07926e-05,0.197327,0.482676,0.53994,0.560508,0.571086,0.577528,0.581864
-10.9009,1.07059e-05,0.196897,0.481915,0.539129,0.55968,0.570249,0.576687,0.581019
-10.8408,1.0621e-05,0.196397,0.480941,0.538075,0.558599,0.569154,0.575583,0.579909
-10.7808,1.05379e-05,0.195808,0.479701,0.536715,0.557197,0.56773,0.574146,0.578464
-10.7207,1.04568e-05,0.195119,0.478165,0.535017,0.555441,0.565945,0.572342,0.576648
-10.6607,1.03778e-05,0.194332,0.476335,0.532983,0.553333,0.563799,0.570174,0.574464
-10.6006,1.03013e-05,0.193456,0.474242,0.530647,0.55091,0.561332,0.567679,0.571951
-10.5405,1.02275e-05,0.192513,0.471944,0.528076,0.548241,0.558612,0.564929,0.56918
-10.4805,1.01571e-05,0.191532,0.469521,0.525361,0.545421,0.555738,0.562022,0.56625
-10.4204,1.00904e-05,0.190546,0.467069,0.52261,0.542563,0.552824,0.559074,0.563281
-10.3604,1.00279e-05,0.189592,0.46469,0.519941,0.539789,0.549996,0.556214,0.560398
-10.3003,9.97021e-06,0.188708,0.462487,0.51747,0.537221,0.547379,0.553566,0.55773
-10.2402,9.91774e-06,0.187928,0.460554,0.515303,0.53497,0.545085,0.551246,0.555392
-10.1802,9.87091e-06,0.18728,0.45897,0.51353,0.533129,0.543209,0.549349,0.55348
-10.1201,9.83007e-06,0.186786,0.45779,0.512214,0.531764,0.541819,0.547943,0.552065
-10.0601,9.79542e-06,0.186455,0.457045,0.51139,0.530912,0.540952,0.547068,0.551183
-10,9.76709e-06,0.186292,0.456739,0.511061,0.530575,0.540611,0.546724,0.550838
-9.93994,9.74508e-06,0.186287,0.456847,0.511199,0.530725,0.540767,0.546884,0.551
-9.87988,9.72926e-06,0.186423,0.457321,0.51175,0.531304,0.541361,0.547486,0.551609
-9.81982,9.71942e-06,0.186677,0.458092,0.512635,0.53223,0.542308,0.548447,0.552578
-9.75976,9.71525e-06,0.187019,0.459079,0.51376,0.533406,0.54351,0.549665,0.553807
-9.6997,9.71638e-06,0.187417,0.460189,0.515023,0.534724,0.544856,0.551028,0.555182
-9.63964,9.72239e-06,0.187838,0.461335,0.516321,0.536077,0.546239,0.552428,0.556593
-9.57958,9.73285e-06,0.188253,0.462432,0.517561,0.537369,0.547556,0.553762,0.557938
-9.51952,9.74735e-06,0.188635,0.463412,0.518664,0.538516,0.548726,0.554946,0.559132
-9.45946,9.7655e-06,0.188965,0.464224,0.519572,0.539459,0.549687,0.555918,0.560111
-9.3994,9.78697e-06,0.189232,0.464837,0.520253,0.540163,0.550404,0.556642,0.56084
-9.33934,9.81147e-06,0.189434,0.465247,0.520699,0.540622,0.550869,0.557111,0.561312
-9.27928,9.83882e-06,0.189574,0.465469,0.52093,0.540856,0.551105,0.557347,0.561548
-9.21922,9.86885e-06,0.189665,0.465541,0.520989,0.540909,0.551155,0.557396,0.561596
-9.15916,9.9015e-06,0.189725,0.465517,0.520936,0.540846,0.551086,0.557323,0.561521
-9.0991,9.93672e-06,0.189777,0.465459,0.520845,0.540742,0.550976,0.557209,0.561404
-9.03904,9.97452e-06,0.189846,0.46544,0.520797,0.540683,0.55091,0.55714,0.561332
-8.97898,1.00149e-05,0.189955,0.465527,0.520869,0.540749,0.550973,0.5572,0.561391
-8.91892,1.00578e-05,0.190127,0.465784,0.521133,0.541015,0.55124,0.557468,0.561659
-8.85886,1.01033e-05,0.19038,0.466261,0.521646,0.541541,0.551773,0.558004,0.562198
-8.7988,1.01512e-05,0.190727,0.466992,0.522449,0.542368,0.552612,0.558852,0.563051
-8.73874,1.02013e-05,0.191173,0.467994,0.523557,0.543515,0.553778,0.56003,0.564237
-8.67868,1.02536e-05,0.191716,0.469262,0.524967,0.544976,0.555266,0.561533,0.565751
-8.61862,1.03076e-05,0.19235,0.470772,0.526653,0.546724,0.557046,0.563333,0.567564
-8.55856,1.0363e-05,0.193059,0.472486,0.528567,0.548711,0.559071,0.56538,0.569627
-8.4985,1.04194e-05,0.193823,0.474348,0.53065,0.550873,0.561273,0.567608,0.571871
-8.43844,1.04762e-05,0.19462,0.476294,0.532828,0.553134,0.563577,0.569938,0.574219
-8.37838,1.0533e-05,0.195425,0.478257,0.535024,0.555414,0.5659,0.572287,0.576585
-8.31832,1.05893e-05,0.196212,0.480168,0.53716,0.557631,0.568159,0.574571,0.578886
-8.25826,1.06444e-05,0.196957,0.481964,0.539166,0.559712,0.570279,0.576715,0.581046
-8.1982,1.06979e-05,0.197641,0.483592,0.540981,0.561594,0.572195,0.578652,0.582997
-8.13814,1.07494e-05,0.198248,0.485012,0.54256,0.56323,0.57386,0.580335,0.584692
-8.07808,1.07984e-05,0.198767,0.486196,0.543873,0.564589,0.575243,0.581732,0.586098
-8.01802,1.08446e-05,0.199194,0.487136,0.544909,0.56566,0.576331,0.582831,0.587205
-7.95796,1.08877e-05,0.199528,0.487836,0.545675,0.566449,0.577132,0.583639,0.588018
-7.8979,1.09277e-05,0.199777,0.488315,0.546192,0.56698,0.577669,0.58418,0.588562
-7.83784,1.09643e-05,0.199949,0.488603,0.546496,0.567288,0.577981,0.584493,0.588876
-7.77778,1.09976e-05,0.20006,0.48874,0.546631,0.567421,0.578113,0.584625,0.589007
-7.71772,1.10277e-05,0.200123,0.488769,0.546645,0.56743,0.578119,0.584629,0.58901
-7.65766,1.10546e-05,0.200156,0.488735,0.546591,0.567368,0.578053,0.58456,0.588939
-7.5976,1.10784e-05,0.200173,0.488679,0.546515,0.567285,0.577965,0.58447,0.588848
-7.53754,1.10994e-05,0.200189,0.488639,0.54646,0.567223,0.577901,0.584404,0.588781
-7.47748,1.11176e-05,0.200215,0.488645,0.546458,0.567219,0.577895,0.584397,0.588773
-7.41742,1.11332e-05,0.20026,0.488715,0.546532,0.567294,0.577971,0.584474,0.58885
-7.35736,1.11463e-05,0.200327,0.488862,0.546693,0.567461,0.578141,0.584645,0.589022
-7.2973,1.1157e-05,0.200418,0.489083,0.546942,0.567719,0.578404,0.584911,0.58929
-7.23724,1.11654e-05,0.200529,0.489372,0.547267,0.568058,0.57875,0.585261,0.589643
-7.17718,1.11714e-05,0.200657,0.489711,0.547651,0.568458,0.579157,0.585674,0.59006
-7.11712,1.11751e-05,0.200792,0.490078,0.548067,0.568891,0.5796,0.586122,0.590512
-7.05706,1.11764e-05,0.200925,0.490446,0.548485,0.569328,0.580046,0.586574,0.590967
-6.997,1.11752e-05,0.201047,0.490788,0.548874,0.569733,0.58046,0.586994,0.59139
-6.93694,1.11715e-05,0.201145,0.491075,0.549201,0.570076,0.58081,0.587348,0.591748
-6.87688,1.11652e-05,0.20121,0.491281,0.549438,0.570323,0.581063,0.587605,0.592007
-6.81682,1.11564e-05,0.201233,0.491382,0.549557,0.570449,0.581192,0.587736,0.592139
-6.75676,1.11448e-05,0.201206,0.491359,0.549537,0.57043,0.581175,0.587719,0.592122
-6.6967,1.11308e-05,0.201123,0.491199,0.549363,0.570252,0.580993,0.587536,0.591939
-6.63664,1.11143e-05,0.200981,0.490892,0.549025,0.569902,0.580639,0.587178,0.591578
-6.57658,1.10955e-05,0.200778,0.490435,0.548519,0.569379,0.580106,0.58664,0.591037
-6.51652,1.10747e-05,0.200516,0.48983,0.547847,0.568684,0.579399,0.585925,0.590317
-6.45646,1.10523e-05,0.200198,0.489085,0.547019,0.567826,0.578526,0.585043,0.589428
-6.3964,1.10285e-05,0.199829,0.488214,0.546049,0.56682,0.577502,0.584008,0.588386
-6.33634,1.10039e-05,0.199417,0.487234,0.544958,0.565689,0.57635,0.582843,0.587213
-6.27628,1.0979e-05,0.198973,0.486169,0.54377,0.564457,0.575096,0.581575,0.585936
-6.21622,1.09542e-05,0.198509,0.485048,0.542518,0.563159,0.573773,0.580238,0.584589
-6.15616,1.09303e-05,0.198037,0.483903,0.541238,0.56183,0.57242,0.57887,0.58321
-6.0961,1.09078e-05,0.197574,0.482769,0.539971,0.560514,0.571079,0.577514,0.581844
-6.03604,1.08872e-05,0.197136,0.481686,0.538758,0.559256,0.569797,0.576217,0.580537
-5.97598,1.0869e-05,0.196737,0.480695,0.537647,0.558102,0.56862,0.575027,0.579338
-5.91592,1.08538e-05,0.196395,0.479835,0.536682,0.557099,0.567598,0.573993,0.578296
-5.85586,1.0842e-05,0.196123,0.479145,0.535906,0.556292,0.566775,0.57316,0.577457
-5.7958,1.08339e-05,0.195933,0.478658,0.535358,0.555721,0.566193,0.572571,0.576863
-5.73574,1.08298e-05,0.195836,0.4784,0.535066,0.555417,0.565883,0.572257,0.576546
-5.67568,1.08298e-05,0.195837,0.47839,0.535052,0.555402,0.565866,0.57224,0.576529
-5.61562,1.08342e-05,0.195936,0.478633,0.535323,0.555682,0.566152,0.572529,0.57682
-5.55556,1.08429e-05,0.196131,0.479122,0.535871,0.556252,0.566733,0.573116,0.577412
-5.4955,1.08559e-05,0.196412,0.479836,0.536674,0.557087,0.567584,0.573977,0.57828
-5.43544,1.08732e-05,0.196766,0.480743,0.537694,0.558147,0.568666,0.575072,0.579383
-5.37538,1.08947e-05,0.197174,0.481795,0.538879,0.55938,0.569923,0.576344,0.580665
-5.31532,1.09204e-05,0.197617,0.482937,0.540165,0.560718,0.571288,0.577725,0.582058
-5.25526,1.09502e-05,0.198072,0.484106,0.541482,0.562089,0.572686,0.579141,0.583484
-5.1952,1.09842e-05,0.198515,0.48524,0.542758,0.563416,0.57404,0.580511,0.584865
-5.13514,1.10225e-05,0.198926,0.486277,0.543925,0.564629,0.575277,0.581762,0.586127
-5.07508,1.10652e-05,0.199289,0.487168,0.544923,0.565667,0.576335,0.582832,0.587205
-5.01502,1.11126e-05,0.199594,0.487876,0.545713,0.566485,0.577168,0.583675,0.588053
-4.95495,1.11651e-05,0.199836,0.488387,0.546274,0.567065,0.577757,0.584269,0.588652
-4.89489,1.12229e-05,0.200022,0.488707,0.546615,0.567414,0.578109,0.584624,0.589008
-4.83483,1.12867e-05,0.200166,0.488871,0.546774,0.567569,0.578263,0.584777,0.58916
-4.77477,1.13568e-05,0.200294,0.488939,0.546816,0.567601,0.57829,0.5848,0.589181
-4.71471,1.14338e-05,0.200436,0.488993,0.546835,0.567607,0.578289,0.584795,0.589173
-4.65465,1.1518e-05,0.200633,0.489137,0.546949,0.567709,0.578384,0.584886,0.589262
-4.59459,1.16099e-05,0.200925,0.489487,0.547288,0.568043,0.578716,0.585216,0.58959
-4.53453,1.17095e-05,0.201357,0.490163,0.547991,0.568754,0.57943,0.585933,0.590308
-4.47447,1.18171e-05,0.201969,0.491282,0.549188,0.569978,0.580668,0.587178,0.591559
-4.41441,1.19324e-05,0.202794,0.492943,0.550995,0.571835,0.582551,0.589077,0.593469
-4.35435,1.20553e-05,0.203855,0.49522,0.553496,0.574415,0.585171,0.591722,0.59613
-4.29429,1.21852e-05,0.205163,0.498153,0.556737,0.577767,0.588579,0.595164,0.599595
-4.23423,1.23216e-05,0.206712,0.501737,0.560717,0.581888,0.592773,0.599402,0.603863
-4.17417,1.24636e-05,0.208479,0.505925,0.565382,0.586724,0.597697,0.60438,0.608876
-4.11411,1.26103e-05,0.210426,0.510619,0.570625,0.592164,0.603238,0.609982,0.61452
-4.05405,1.2761e-05,0.212499,0.515682,0.576288,0.598043,0.609228,0.616039,0.620623
-3.99399,1.29145e-05,0.21463,0.520935,0.582173,0.604154,0.615456,0.622339,0.62697
-3.93393,1.30701e-05,0.216746,0.526178,0.58805,0.61026,0.621679,0.628634,0.633314
-3.87387,1.32271e-05,0.21877,0.531197,0.593678,0.616107,0.62764,0.634663,0.639389
-3.81381,1.33849e-05,0.22063,0.535785,0.598821,0.621451,0.633086,0.640172,0.64494
-3.75375,1.35432e-05,0.222262,0.53976,0.60327,0.62607,0.637793,0.644932,0.649736
-3.69369,1.37018e-05,0.22362,0.542977,0.60686,0.629793,0.641585,0.648766,0.653599
-3.63363,1.3861e-05,0.224679,0.545352,0.609491,0.632516,0.644355,0.651565,0.656417
-3.57357,1.4021e-05,0.225441,0.546869,0.611144,0.634217,0.646081,0.653306,0.658168
-3.51351,1.41826e-05,0.225934,0.54759,0.611886,0.634966,0.646832,0.654059,0.658921
-3.45345,1.43466e-05,0.226217,0.547657,0.611876,0.634926,0.646776,0.653993,0.65885
-3.39339,1.4514e-05,0.226374,0.547288,0.611359,0.634352,0.646174,0.653373,0.658217
-3.33333,1.46863e-05,0.226509,0.546765,0.610652,0.633577,0.645363,0.652539,0.657369
-3.27327,1.48652e-05,0.226743,0.546414,0.610128,0.632987,0.644738,0.651894,0.656708
-3.21321,1.50535e-05,0.227199,0.546585,0.610183,0.632997,0.644723,0.651864,0.656669
-3.15315,1.52551e-05,0.227995,0.547622,0.611208,0.634014,0.645737,0.652874,0.657677
-3.09309,1.54763e-05,0.229233,0.549827,0.613553,0.636406,0.648151,0.655303,0.660115
-3.03303,1.57272e-05,0.230984,0.553436,0.617488,0.640455,0.652258,0.659445,0.66428
-2.97297,1.60244e-05,0.233282,0.558584,0.623171,0.646328,0.658229,0.665475,0.67035
-2.91291,1.63951e-05,0.236112,0.565279,0.630621,0.654047,0.666086,0.673417,0.678348
-2.85285,1.68832e-05,0.239406,0.573388,0.639692,0.663464,0.675681,0.683119,0.688123
-2.79279,1.75598e-05,0.24304,0.582625,0.650069,0.674251,0.686678,0.694245,0.699336
-2.73273,1.85393e-05,0.246838,0.592556,0.661265,0.685903,0.698566,0.706276,0.711463
-2.67267,2.0005e-05,0.250578,0.602611,0.67264,0.697756,0.710665,0.718525,0.723814
-2.61261,2.22502e-05,0.254005,0.612116,0.683433,0.709016,0.722166,0.730174,0.735561
-2.55255,2.57444e-05,0.256846,0.620327,0.692804,0.718808,0.732176,0.740316,0.745794
-2.49249,3.12393e-05,0.258834,0.626487,0.699892,0.726235,0.739778,0.748025,0.753575
-2.43243,3.99405e-05,0.25973,0.629885,0.703884,0.730446,0.744102,0.752419,0.758016
-2.37237,5.37853e-05,0.259349,0.629922,0.70409,0.730718,0.74441,0.752749,0.75836
-2.31231,7.58941e-05,0.257598,0.626184,0.700025,0.726541,0.740176,0.74848,0.754069
-2.25225,0.000111304,0.2545,0.618517,0.691491,0.717698,0.731176,0.739384,0.744908
-2.19219,0.000168167,0.250231,0.607101,0.678657,0.704357,0.717573,0.725623,0.73104
-2.13213,0.000259703,0.245159,0.592522,0.662143,0.687147,0.700005,0.707837,0.713108
-2.07207,0.0004074,0.239886,0.575849,0.6431,0.667249,0.679667,0.68723,0.69232
-2.01201,0.000646247,0.235302,0.558714,0.623296,0.646479,0.658399,0.665658,0.670543
-1.95195,0.00103333,0.232657,0.543412,0.605221,0.627395,0.638793,0.645734,0.650405
-1.89189,0.00166195,0.233667,0.533033,0.592216,0.613429,0.62433,0.630967,0.635432
-1.83183,0.00268481,0.240674,0.531654,0.58868,0.609093,0.619578,0.62596,0.630253
-1.77177,0.00435221,0.256895,0.544646,0.600375,0.620288,0.630509,0.636728,0.640911
-1.71171,0.007075,0.28681,0.579149,0.634915,0.654795,0.66499,0.67119,0.675359
-1.65165,0.0115284,0.336781,0.64484,0.702553,0.723069,0.733579,0.739968,0.744262
-1.59159,0.0188233,0.416026,0.755144,0.817428,0.839499,0.850793,0.857653,0.862262
-1.53153,0.0307896,0.538151,0.929165,0.999545,1.02441,1.03711,1.04482,1.05
-1.47147,0.0496879,0.712417,1.17617,1.25805,1.28689,1.30161,1.31054,1.31653
-1.41141,0.07288,0.874977,1.38598,1.47453,1.50563,1.52148,1.53109,1.53754
-1.35135,0.0988155,0.999812,1.52053,1.60906,1.64005,1.65583,1.6654,1.67181
-1.29129,0.126565,1.08144,1.57906,1.66201,1.69095,1.70568,1.7146,1.72058
-1.23123,0.155209,1.12307,1.57602,1.65008,1.67585,1.68894,1.69687,1.70218
-1.17117,0.183886,1.13414,1.5351,1.59963,1.62203,1.63341,1.64029,1.6449
-1.11111,0.211833,1.12707,1.48206,1.53879,1.55847,1.56846,1.5745,1.57855
-1.05105,0.238413,1.11382,1.43827,1.49046,1.50859,1.5178,1.52337,1.5271
-0.990991,0.263129,1.1034,1.41654,1.46787,1.48576,1.49486,1.50038,1.50407
-0.930931,0.285633,1.10051,1.41976,1.47333,1.49208,1.50163,1.50742,1.5113
-0.870871,0.305716,1.10557,1.4424,1.50002,1.52025,1.53056,1.53682,1.54101
-0.810811,0.3233,1.1158,1.47389,1.53585,1.55763,1.56874,1.57547,1.58
-0.750751,0.338414,1.12697,1.50272,1.56796,1.59089,1.60259,1.60969,1.61445
-0.690691,0.351175,1.13507,1.52,1.58667,1.61009,1.62203,1.62928,1.63414
-0.630631,0.361763,1.13767,1.52172,1.58783,1.61102,1.62284,1.63001,1.63482
-0.570571,0.370399,1.13442,1.50918,1.57317,1.5956,1.60702,1.61395,1.61859
-0.510511,0.377324,1.12697,1.48787,1.54902,1.57042,1.58132,1.58793,1.59236
-0.45045,0.382783,1.11816,1.46533,1.52382,1.54427,1.55469,1.561,1.56523
-0.39039,0.38701,1.11102,1.44867,1.50543,1.52528,1.53538,1.54151,1.54561
-0.33033,0.390221,1.1078,1.4426,1.49897,1.51868,1.52872,1.5348,1.53888
-0.27027,0.392606,1.10934,1.44826,1.50556,1.52561,1.53583,1.54202,1.54617
-0.21021,0.394324,1.11489,1.46322,1.52241,1.54315,1.55372,1.56012,1.56442
-0.15015,0.395501,1.12248,1.48243,1.5439,1.56544,1.57643,1.58308,1.58755
-0.0900901,0.396234,1.12955,1.49983,1.56329,1.58554,1.59688,1.60376,1.60837
-0.03003,0.396585,1.13377,1.5101,1.57471,1.59737,1.60892,1.61592,1.62062
0.03003,0.396585,1.13379,1.51015,1.57476,1.59742,1.60897,1.61598,1.62068
0.0900901,0.396234,1.1296,1.49996,1.56342,1.58568,1.59703,1.6039,1.60852
0.15015,0.395502,1.12255,1.4826,1.54408,1.56563,1.57662,1.58328,1.58774
0.21021,0.394324,1.11496,1.46337,1.52259,1.54333,1.5539,1.56031,1.56461
0.27027,0.392606,1.10939,1.44837,1.50568,1.52574,1.53595,1.54215,1.5463
0.33033,0.390222,1.10781,1.44263,1.49899,1.51871,1.52875,1.53483,1.53891
0.39039,0.38701,1.11099,1.44861,1.50536,1.52521,1.53531,1.54143,1.54554
0.45045,0.382783,1.1181,1.46519,1.52367,1.54412,1.55453,1.56084,1.56507
0.510511,0.377324,1.12689,1.4877,1.54883,1.57023,1.58113,1.58773,1.59216
0.570571,0.3704,1.13435,1.50903,1.573,1.59542,1.60684,1.61377,1.61841
0.630631,0.361764,1.13763,1.52163,1.58772,1.61091,1.62274,1.62991,1.63471
0.690691,0.351176,1.13507,1.52,1.58666,1.61008,1.62203,1.62927,1.63413
0.750751,0.338414,1.12701,1.5028,1.56805,1.59098,1.60269,1.60978,1.61455
0.810811,0.3233,1.11587,1.47404,1.53601,1.5578,1.56891,1.57565,1.58017
0.870871,0.305717,1.10564,1.44257,1.50021,1.52045,1.53076,1.53702,1.54122
0.930931,0.285633,1.10058,1.4199,1.47349,1.49224,1.5018,1.50759,1.51147
0.990991,0.26313,1.10344,1.41661,1.46795,1.48585,1.49495,1.50047,1.50416
1.05105,0.238414,1.11382,1.43826,1.49044,1.50857,1.51778,1.52336,1.52709
1.11111,0.211834,1.12703,1.48196,1.53868,1.55836,1.56834,1.57438,1.57843
1.17117,0.183887,1.13408,1.53495,1.59946,1.62186,1.63323,1.64011,1.64472
1.23123,0.155209,1.12299,1.57586,1.6499,1.67566,1.68875,1.69667,1.70198
1.29129,0.126565,1.08139,1.57893,1.66186,1.6908,1.70553,1.71444,1.72042
1.35135,0.098816,0.999787,1.52047,1.609,1.63998,1.65577,1.66533,1.67175
1.41141,0.0728804,0.874992,1.38601,1.47457,1.50566,1.52152,1.53113,1.53758
1.47147,0.0496883,0.712467,1.17629,1.25818,1.28702,1.30174,1.31067,1.31667
1.53153,0.0307896,0.538151,0.929165,0.999545,1.02441,1.03711,1.04482,1.05
1.59159,0.0188233,0.416026,0.755144,0.817428,0.839499,0.850793,0.857653,0.862262
1.65165,0.0115284,0.336781,0.64484,0.702553,0.723069,0.733579,0.739968,0.744262
1.71171,0.007075,0.28681,0.579149,0.634915,0.654795,0.66499,0.67119,0.675359
1.77177,0.00435221,0.256895,0.544646,0.600375,0.620288,0.630509,0.636728,0.640911
1.83183,0.00268481,0.240674,0.531654,0.58868,0.609093,0.619578,0.62596,0.630253
1.89189,0.00166195,0.233667,0.533033,0.592216,0.613429,0.62433,0.630967,0.635432
1.95195,0.00103333,0.232657,0.543412,0.605221,0.627395,0.638793,0.645734,0.650405
2.01201,0.000646247,0.235302,0.558714,0.623296,0.646479,0.658399,0.665658,0.670543
2.07207,0.0004074,0.239886,0.575849,0.6431,0.667249,0.679667,0.68723,0.69232
2.13213,0.000259703,0.245159,0.592522,0.662143,0.687147,0.700005,0.707837,0.713108
2.19219,0.000168167,0.250231,0.607101,0.678657,0.704357,0.717573,0.725623,0.73104
2.25225,0.000111304,0.2545,0.618517,0.691491,0.717698,0.731176,0.739384,0.744908
2.31231,7.58941e-05,0.257598,0.626184,0.700025,0.726541,0.740176,0.74848,0.754069
2.37237,5.37853e-05,0.259349,0.629922,0.70409,0.730718,0.74441,0.752749,0.75836
2.43243,3.99405e-05,0.25973,0.629885,0.703884,0.730446,0.744102,0.752419,0.758016
2.49249,3.12393e-05,0.258834,0.626487,0.699892,0.726235,0.739778,0.748025,0.753575
2.55255,2.57444e-05,0.256846,0.620327,0.692804,0.718808,0.732176,0.740316,0.745794
2.61261,2.22502e-05,0.254005,0.612116,0.683433,0.709016,0.722166,0.730174,0.735561
2.67267,2.0005e-05,0.250578,0.602611,0.67264,0.697756,0.710665,0.718525,0.723814
2.73273,1.85393e-05,0.246838,0.592556,0.661265,0.685903,0.698566,0.706276,0.711463
2.79279,1.75598e-05,0.24304,0.582625,0.650069,0.674251,0.686678,0.694245,0.699336
2.85285,1.68832e-05,0.239406,0.573388,0.639692,0.663464,0.675681,0.683119,0.688123
2.91291,1.63951e-05,0.236112,0.565279,0.630621,0.654047,0.666086,0.673417,0.678348
2.97297,1.60244e-05,0.233282,0.558584,0.623171,0.646328,0.658229,0.665475,0.67035
3.03303,1.57272e-05,0.230984,0.553436,0.617488,0.640455,0.652258,0.659445,0.66428
3.09309,1.54763e-05,0.229233,0.549827,0.613553,0.636406,0.648151,0.655303,0.660115
3.15315,1.52551e-05,0.227995,0.547622,0.611208,0.634014,0.645737,0.652874,0.657677
3.21321,1.50535e-05,0.227199,0.546585,0.610183,0.632997,0.644723,0.651864,0.656669
3.27327,1.48652e-05,0.226743,0.546414,0.610128,0.632987,0.644738,0.651894,0.656708
3.33333,1.46863e-05,0.226509,0.546765,0.610652,0.633577,0.645363,0.652539,0.657369
3.39339,1.4514e-05,0.226374,0.547288,0.611359,0.634352,0.646174,0.653373,0.658217
3.45345,1.43466e-05,0.226217,0.547657,0.611876,0.634926,0.646776,0.653993,0.65885
3.51351,1.41826e-05,0.225934,0.54759,0.611886,0.634966,0.646832,0.654059,0.658921
3.57357,1.4021e-05,0.225441,0.546869,0.611144,0.634217,0.646081,0.653306,0.658168
3.63363,1.3861e-05,0.224679,0.545352,0.609491,0.632516,0.644355,0.651565,0.656417
3.69369,1.37018e-05,0.22362,0.542977,0.60686,0.629793,0.641585,0.648766,0.653599
3.75375,1.35432e-05,0.222262,0.53976,0.60327,0.62607,0.637793,0.644932,0.649736
3.81381,1.33849e-05,0.22063,0.535785,0.598821,0.621451,0.633086,0.640172,0.64494
3.87387,1.32271e-05,0.21877,0.531197,0.593678,0.616107,0.62764,0.634663,0.639389
3.93393,1.30701e-05,0.216746,0.526178,0.58805,0.61026,0.621679,0.628634,0.633314
3.99399,1.29145e-05,0.21463,0.520935,0.582173,0.604154,0.615456,0.622339,0.62697
4.05405,1.2761e-05,0.212499,0.515682,0.576288,0.598043,0.609228,0.616039,0.620623
4.11411,1.26103e-05,0.210426,0.510619,0.570625,0.592164,0.603238,0.609982,0.61452
4.17417,1.24636e-05,0.208479,0.505925,0.565382,0.586724,0.597697,0.60438,0.608876
4.23423,1.23216e-05,0.206712,0.501737,0.560717,0.581888,0.592773,0.599402,0.603863
4.29429,1.21852e-05,0.205163,0.498153,0.556737,0.577767,0.588579,0.595164,0.599595
4.35435,1.20553e-05,0.203855,0.49522,0.553496,0.574415,0.585171,0.591722,0.59613
4.41441,1.19324e-05,0.202794,0.492943,0.550995,0.571835,0.582551,0.589077,0.593469
4.47447,1.18171e-05,0.201969,0.491282,0.549188,0.569978,0.580668,0.587178,0.591559
4.53453,1.17095e-05,0.201357,0.490163,0.547991,0.568754,0.57943,0.585933,0.590308
4.59459,1.16099e-05,0.200925,0.489487,0.547288,0.568043,0.578716,0.585216,0.58959
4.65465,1.1518e-05,0.200633,0.489137,0.546949,0.567709,0.578384,0.584886,0.589262
4.71471,1.14338e-05,0.200436,0.488993,0.546835,0.567607,0.578289,0.584795,0.589173
4.77477,1.13568e-05,0.200294,0.488939,0.546816,0.567601,0.57829,0.5848,0.589181
4.83483,1.12867e-05,0.200166,0.488871,0.546774,0.567569,0.578263,0.584777,0.58916
4.89489,1.12229e-05,0.200022,0.488707,0.546615,0.567414,0.578109,0.584624,0.589008
4.95495,1.11651e-05,0.199836,0.488387,0.546274,0.567065,0.577757,0.584269,0.588652
5.01502,1.11126e-05,0.199594,0.487876,0.545713,0.566485,0.577168,0.583675,0.588053
5.07508,1.10652e-05,0.199289,0.487168,0.544923,0.565667,0.576335,0.582832,0.587205
5.13514,1.10225e-05,0.198926,0.486277,0.543925,0.564629,0.575277,0.581762,0.586127
5.1952,1.09842e-05,0.198515,0.48524,0.542758,0.563416,0.57404,0.580511,0.584865
5.25526,1.09502e-05,0.198072,0.484106,0.541482,0.562089,0.572686,0.579141,0.583484
5.31532,1.09204e-05,0.197617,0.482937,0.540165,0.560718,0.571288,0.577725,0.582058
5.37538,1.08947e-05,0.197174,0.481795,0.538879,0.55938,0.569923,0.576344,0.580665
5.43544,1.08732e-05,0.196766,0.480743,0.537694,0.558147,0.568666,0.575072,0.579383
5.4955,1.08559e-05,0.196412,0.479836,0.536674,0.557087,0.567584,0.573977,0.57828
5.55556,1.08429e-05,0.196131,0.479122,0.535871,0.556252,0.566733,0.573116,0.577412
5.61562,1.08342e-05,0.195936,0.478633,0.535323,0.555682,0.566152,0.572529,0.57682
5.67568,1.08298e-05,0.195837,0.47839,0.535052,0.555402,0.565866,0.57224,0.576529
5.73574,1.08298e-05,0.195836,0.4784,0.535066,0.555417,0.565883,0.572257,0.576546
5.7958,1.08339e-05,0.195933,0.478658,0.535358,0.555721,0.566193,0.572571,0.576863
5.85586,1.0842e-05,0.196123,0.479145,0.535906,0.556292,0.566775,0.57316,0.577457
5.91592,1.08538e-05,0.196395,0.479835,0.536682,0.557099,0.567598,0.573993,0.578296
5.97598,1.0869e-05,0.196737,0.480695,0.537647,0.558102,0.56862,0.575027,0.579338
6.03604,1.08872e-05,0.197136,0.481686,0.538758,0.559256,0.569797,0.576217,0.580537
6.0961,1.09078e-05,0.197574,0.482769,0.539971,0.560514,0.571079,0.577514,0.581844
6.15616,1.09303e-05,0.198037,0.483903,0.541238,0.56183,0.57242,0.57887,0.58321
6.21622,1.09542e-05,0.198509,0.485048,0.542518,0.563159,0.573773,0.580238,0.584589
6.27628,1.0979e-05,0.198973,0.486169,0.54377,0.564457,0.575096,0.581575,0.585936
6.33634,1.10039e-05,0.199417,0.487234,0.544958,0.565689,0.57635,0.582843,0.587213
6.3964,1.10285e-05,0.199829,0.488214,0.546049,0.56682,0.577502,0.584008,0.588386
6.45646,1.10523e-05,0.200198,0.489085,0.547019,0.567826,0.578526,0.585043,0.589428
6.51652,1.10747e-05,0.200516,0.48983,0.547847,0.568684,0.579399,0.585925,0.590317
6.57658,1.10955e-05,0.200778,0.490435,0.548519,0.569379,0.580106,0.58664,0.591037
6.63664,1.11143e-05,0.200981,0.490892,0.549025,0.569902,0.580639,0.587178,0.591578
6.6967,1.11308e-05,0.201123,0.491199,0.549363,0.570252,0.580993,0.587536,0.591939
6.75676,1.11448e-05,0.201206,0.491359,0.549537,0.57043,0.581175,0.587719,0.592122
6.81682,1.11564e-05,0.201233,0.491382,0.549557,0.570449,0.581192,0.587736,0.592139
6.87688,1.11652e-05,0.20121,0.491281,0.549438,0.570323,0.581063,0.587605,0.592007
6.93694,1.11715e-05,0.201145,0.491075,0.549201,0.570076,0.58081,0.587348,0.591748
6.997,1.11752e-05,0.201047,0.490788,0.548874,0.569733,0.58046,0.586994,0.59139
7.05706,1.11764e-05,0.200925,0.490446,0.548485,0.569328,0.580046,0.586574,0.590967
7.11712,1.11751e-05,0.200792,0.490078,0.548067,0.568891,0.5796,0.586122,0.590512
7.17718,1.11714e-05,0.200657,0.489711,0.547651,0.568458,0.579157,0.585674,0.59006
7.23724,1.11654e-05,0.200529,0.489372,0.547267,0.568058,0.57875,0.585261,0.589643
7.2973,1.1157e-05,0.200418,0.489083,0.546942,0.567719,0.578404,0.584911,0.58929
7.35736,1.11463e-05,0.200327,0.488862,0.546693,0.567461,0.578141,0.584645,0.589022
7.41742,1.11332e-05,0.20026,0.488715,0.546532,0.567294,0.577971,0.584474,0.58885
7.47748,1.11176e-05,0.200215,0.488645,0.546458,0.567219,0.577895,0.584397,0.588773
7.53754,1.10994e-05,0.200189,0.488639,0.54646,0.567223,0.577901,0.584404,0.588781
7.5976,1.10784e-05,0.200173,0.488679,0.546515,0.567285,0.577965,0.58447,0.588848
7.65766,1.10546e-05,0.200156,0.488735,0.546591,0.567368,0.578053,0.58456,0.588939
7.71772,1.10277e-05,0.200123,0.488769,0.546645,0.56743,0.578119,0.584629,0.58901
7.77778,1.09976e-05,0.20006,0.48874,0.546631,0.567421,0.578113,0.584625,0.589007
7.83784,1.09643e-05,0.199949,0.488603,0.546496,0.567288,0.577981,0.584493,0.588876
7.8979,1.09277e-05,0.199777,0.488315,0.546192,0.56698,0.577669,0.58418,0.588562
7.95796,1.08877e-05,0.199528,0.487836,0.545675,0.566449,0.577132,0.583639,0.588018
8.01802,1.08446e-05,0.199194,0.487136,0.544909,0.56566,0.576331,0.582831,0.587205
8.07808,1.07984e-05,0.198767,0.486196,0.543873,0.564589,0.575243,0.581732,0.586098
8.13814,1.07494e-05,0.198248,0.485012,0.54256,0.56323,0.57386,0.580335,0.584692
8.1982,1.06979e-05,0.197641,0.483592,0.540981,0.561594,0.572195,0.578652,0.582997
8.25826,1.06444e-05,0.196957,0.481964,0.539166,0.559712,0.570279,0.576715,0.581046
8.31832,1.05893e-05,0.196212,0.480168,0.53716,0.557631,0.568159,0.574571,0.578886
8.37838,1.0533e-05,0.195425,0.478257,0.535024,0.555414,0.5659,0.572287,0.576585
8.43844,1.04762e-05,0.19462,0.476294,0.532828,0.553134,0.563577,0.569938,0.574219
8.4985,1.04194e-05,0.193823,0.474348,0.53065,0.550873,0.561273,0.567608,0.571871
8.55856,1.0363e-05,0.193059,0.472486,0.528567,0.548711,0.559071,0.56538,0.569627
8.61862,1.03076e-05,0.19235,0.470772,0.526653,0.546724,0.557046,0.563333,0.567564
8.67868,1.02536e-05,0.191716,0.469262,0.524967,0.544976,0.555266,0.561533,0.565751
8.73874,1.02013e-05,0.191173,0.467994,0.523557,0.543515,0.553778,0.56003,0.564237
8.7988,1.01512e-05,0.190727,0.466992,0.522449,0.542368,0.552612,0.558852,0.563051
8.85886,1.01033e-05,0.19038,0.466261,0.521646,0.541541,0.551773,0.558004,0.562198
8.91892,1.00578e-05,0.190127,0.465784,0.521133,0.541015,0.55124,0.557468,0.561659
8.97898,1.00149e-05,0.189955,0.465527,0.520869,0.540749,0.550973,0.5572,0.561391
9.03904,9.97452e-06,0.189846,0.46544,0.520797,0.540683,0.55091,0.55714,0.561332
9.0991,9.93672e-06,0.189777,0.465459,0.520845,0.540742,0.550976,0.557209,0.561404
9.15916,9.9015e-06,0.189725,0.465517,0.520936,0.540846,0.551086,0.557323,0.561521
9.21922,9.86885e-06,0.189665,0.465541,0.520989,0.540909,0.551155,0.557396,0.561596
9.27928,9.83882e-06,0.189574,0.465469,0.52093,0.540856,0.551105,0.557347,0.561548
9.33934,9.81147e-06,0.189434,0.465247,0.520699,0.540622,0.550869,0.557111,0.561312
9.3994,9.78697e-06,0.189232,0.464837,0.520253,0.540163,0.550404,0.556642,0.56084
9.45946,9.7655e-06,0.188965,0.464224,0.519572,0.539459,0.549687,0.555918,0.560111
9.51952,9.74735e-06,0.188635,0.463412,0.518664,0.538516,0.548726,0.554946,0.559132
9.57958,9.73285e-06,0.188253,0.462432,0.517561,0.537369,0.547556,0.553762,0.557938
9.63964,9.72239e-06,0.187838,0.461335,0.516321,0.536077,0.546239,0.552428,0.556593
9.6997,9.71638e-06,0.187417,0.460189,0.515023,0.534724,0.544856,0.551028,0.555182
9.75976,9.71525e-06,0.187019,0.459079,0.51376,0.533406,0.54351,0.549665,0.553807
9.81982,9.71942e-06,0.186677,0.458092,0.512635,0.53223,0.542308,0.548447,0.552578
9.87988,9.72926e-06,0.186423,0.457321,0.51175,0.531304,0.541361,0.547486,0.551609
9.93994,9.74508e-06,0.186287,0.456847,0.511199,0.530725,0.540767,0.546884,0.551
10,9.76709e-06,0.186292,0.456739,0.511061,0.530575,0.540611,0.546724,0.550838
10.0601,9.79542e-06,0.186455,0.457045,0.51139,0.530912,0.540952,0.547068,0.551183
10.1201,9.83007e-06,0.186786,0.45779,0.512214,0.531764,0.541819,0.547943,0.552065
10.1802,9.87091e-06,0.18728,0.45897,0.51353,0.533129,0.543209,0.549349,0.55348
10.2402,9.91774e-06,0.187928,0.460554,0.515303,0.53497,0.545085,0.551246,0.555392
10.3003,9.97021e-06,0.188708,0.462487,0.51747,0.537221,0.547379,0.553566,0.55773
10.3604,1.00279e-05,0.189592,0.46469,0.519941,0.539789,0.549996,0.556214,0.560398
10.4204,1.00904e-05,0.190546,0.467069,0.52261,0.542563,0.552824,0.559074,0.563281
10.4805,1.01571e-05,0.191532,0.469521,0.525361,0.545421,0.555738,0.562022,0.56625
10.5405,1.02275e-05,0.192513,0.471944,0.528076,0.548241,0.558612,0.564929,0.56918
10.6006,1.03013e-05,0.193456,0.474242,0.530647,0.55091,0.561332,0.567679,0.571951
10.6607,1.03778e-05,0.194332,0.476335,0.532983,0.553333,0.563799,0.570174,0.574464
10.7207,1.04568e-05,0.195119,0.478165,0.535017,0.555441,0.565945,0.572342,0.576648
10.7808,1.05379e-05,0.195808,0.479701,0.536715,0.557197,0.56773,0.574146,0.578464
10.8408,1.0621e-05,0.196397,0.480941,0.538075,0.558599,0.569154,0.575583,0.579909
10.9009,1.07059e-05,0.196897,0.481915,0.539129,0.55968,0.570249,0.576687,0.581019
10.961,1.07926e-05,0.197327,0.482676,0.53994,0.560508,0.571086,0.577528,0.581864
11.021,1.0881e-05,0.197716,0.483306,0.540598,0.561175,0.571758,0.578203,0.58254
11.0811,1.09712e-05,0.198096,0.483897,0.541212,0.561796,0.572381,0.578828,0.583167
11.1411,1.10632e-05,0.198505,0.484555,0.541898,0.562491,0.573081,0.579531,0.583871
11.2012,1.1157e-05,0.198977,0.485379,0.542773,0.563383,0.573982,0.580437,0.58478
11.2613,1.12525e-05,0.199546,0.486464,0.543943,0.564583,0.575196,0.58166,0.58601
11.3213,1.13495e-05,0.200235,0.487882,0.545492,0.566177,0.576813,0.583291,0.587651
11.3814,1.14479e-05,0.201062,0.489682,0.547474,0.568224,0.578893,0.585392,0.589764
11.4414,1.15472e-05,0.202031,0.491881,0.54991,0.570745,0.581458,0.587982,0.592373
11.5015,1.16469e-05,0.203135,0.494464,0.552783,0.573722,0.584488,0.591046,0.595458
11.5616,1.17465e-05,0.204355,0.497381,0.556038,0.577098,0.587927,0.594522,0.59896
11.6216,1.18453e-05,0.205663,0.500553,0.559585,0.580779,0.591677,0.598314,0.60278
11.6817,1.19425e-05,0.207019,0.503877,0.563306,0.584643,0.595614,0.602296,0.606792
11.7417,1.20373e-05,0.20838,0.507232,0.567063,0.588545,0.599591,0.606319,0.610846
11.8018,1.2129e-05,0.209699,0.510486,0.57071,0.592334,0.603452,0.610224,0.614781
11.8619,1.22167e-05,0.21093,0.513515,0.574102,0.595856,0.607042,0.613855,0.618439
11.9219,1.22999e-05,0.21203,0.5162,0.577108,0.598976,0.610221,0.61707,0.621679
11.982,1.23778e-05,0.212967,0.518449,0.579619,0.601582,0.612875,0.619753,0.624382
12.042,1.24501e-05,0.213716,0.520196,0.581561,0.603594,0.614924,0.621824,0.626467
12.1021,1.25163e-05,0.214265,0.521407,0.582898,0.604976,0.616328,0.623242,0.627895
12.1622,1.25762e-05,0.214618,0.522089,0.583636,0.605733,0.617095,0.624015,0.628672
12.2222,1.26297e-05,0.214787,0.522282,0.58382,0.605913,0.617273,0.624192,0.628848
12.2823,1.2677e-05,0.2148,0.52206,0.583535,0.605605,0.616953,0.623864,0.628515
12.3423,1.2718e-05,0.214692,0.521524,0.582896,0.604928,0.616256,0.623155,0.627798
12.4024,1.27531e-05,0.214506,0.520793,0.582038,0.604024,0.615327,0.622212,0.626844
12.4625,1.27824e-05,0.214286,0.519994,0.581106,0.603043,0.614321,0.62119,0.625812
12.5225,1.28061e-05,0.214076,0.519251,0.580242,0.602134,0.61339,0.620244,0.624857
12.5826,1.28244e-05,0.213917,0.518677,0.579573,0.60143,0.612668,0.619511,0.624116
12.6426,1.28376e-05,0.213838,0.51836,0.5792,0.601036,0.612263,0.6191,0.623701
12.7027,1.28454e-05,0.213859,0.518357,0.579189,0.601022,0.612247,0.619082,0.623682
12.7628,1.28481e-05,0.213988,0.51869,0.579563,0.601411,0.612644,0.619484,0.624087
12.8228,1.28452e-05,0.214217,0.51934,0.580304,0.602184,0.613434,0.620285,0.624895
12.8829,1.28366e-05,0.214526,0.520253,0.581347,0.603276,0.61455,0.621416,0.626036
12.9429,1.2822e-05,0.214883,0.521338,0.582592,0.604579,0.615883,0.622767,0.6274
13.003,1.28009e-05,0.215246,0.52248,0.583907,0.605956,0.617293,0.624197,0.628843
13.0631,1.27729e-05,0.215567,0.523544,0.585138,0.607248,0.618617,0.62554,0.630199
13.1231,1.27377e-05,0.215796,0.52439,0.586125,0.608288,0.619684,0.626624,0.631294
13.1832,1.26949e-05,0.215884,0.524882,0.586716,0.608915,0.620329,0.627281,0.631959
13.2432,1.26443e-05,0.215791,0.524902,0.586773,0.608987,0.620409,0.627366,0.632047
13.3033,1.25857e-05,0.215484,0.524357,0.586193,0.608395,0.619811,0.626764,0.631443
13.3634,1.25193e-05,0.214944,0.523191,0.584911,0.607072,0.618467,0.625407,0.630077
13.4234,1.24452e-05,0.214165,0.521388,0.582908,0.604997,0.616356,0.623273,0.627928
13.4835,1.23638e-05,0.213159,0.518975,0.580215,0.602203,0.61351,0.620396,0.62503
13.5435,1.22756e-05,0.211951,0.51602,0.576908,0.59877,0.610012,0.616858,0.621466
13.6036,1.21813e-05,0.210579,0.51263,0.573109,0.594823,0.605989,0.61279,0.617366
13.6637,1.20817e-05,0.209092,0.508937,0.568968,0.590521,0.601604,0.608354,0.612896
13.7237,1.19775e-05,0.207545,0.505096,0.56466,0.586046,0.597042,0.603739,0.608246
13.7838,1.18697e-05,0.205997,0.501265,0.560366,0.581585,0.592496,0.599141,0.603612
13.8438,1.17589e-05,0.204502,0.497599,0.556262,0.577323,0.588152,0.594748,0.599186
13.9039,1.16461e-05,0.203109,0.494233,0.5525,0.573419,0.584175,0.590726,0.595134
13.964,1.15319e-05,0.201856,0.491273,0.549202,0.569999,0.580693,0.587206,0.591589
14.024,1.14169e-05,0.200769,0.488788,0.546446,0.567146,0.577791,0.584273,0.588636
14.0841,1.13014e-05,0.199856,0.486804,0.54426,0.56489,0.575498,0.581958,0.586306
14.1441,1.11857e-05,0.19911,0.485301,0.542624,0.563207,0.57379,0.580236,0.584574
14.2042,1.10701e-05,0.19851,0.484216,0.541464,0.562022,0.572593,0.579031,0.583363
14.2643,1.09545e-05,0.19802,0.483448,0.540667,0.561215,0.571782,0.578217,0.582548
14.3243,1.0839e-05,0.197595,0.482867,0.540083,0.560632,0.571199,0.577636,0.581967
14.3844,1.07234e-05,0.197181,0.482326,0.539545,0.560097,0.570666,0.577103,0.581435
14.4444,1.06077e-05,0.196726,0.481671,0.538878,0.559427,0.569995,0.576432,0.580764
14.5045,1.04919e-05,0.196178,0.480757,0.537916,0.558449,0.56901,0.575442,0.579771
14.5646,1.0376e-05,0.195496,0.479461,0.536519,0.557018,0.56756,0.573982,0.578304
14.6246,1.02603e-05,0.194646,0.477691,0.534583,0.555023,0.565535,0.571939,0.576248
14.6847,1.0145e-05,0.193614,0.475398,0.53205,0.552404,0.562873,0.56925,0.573542
14.7447,1.00305e-05,0.1924,0.472578,0.528916,0.549158,0.55957,0.565912,0.57018
14.8048,9.91759e-06,0.19102,0.469277,0.525233,0.545338,0.555679,0.561978,0.566217
14.8649,9.8069e-06,0.189509,0.465586,0.521102,0.54105,0.551309,0.557559,0.561764
14.9249,9.69931e-06,0.187913,0.461634,0.516672,0.536448,0.546619,0.552814,0.556984
14.985,9.59573e-06,0.186292,0.457581,0.512124,0.531721,0.5418,0.54794,0.552072
15.045,9.4971e-06,0.184708,0.453605,0.507659,0.52708,0.537069,0.543153,0.547247
15.1051,9.40434e-06,0.183228,0.449886,0.503483,0.522739,0.532642,0.538675,0.542735
15.1652,9.31828e-06,0.181911,0.446594,0.499788,0.518898,0.528727,0.534714,0.538743
15.2252,9.23967e-06,0.18081,0.443873,0.496738,0.515731,0.525499,0.531449,0.535453
15.2853,9.16906e-06,0.179963,0.441833,0.494458,0.513365,0.523089,0.529012,0.532998
15.3453,9.10686e-06,0.179394,0.440535,0.493019,0.511875,0.521573,0.527481,0.531456
15.4054,9.05328e-06,0.179105,0.439992,0.492435,0.511277,0.520968,0.52687,0.530843
15.4655,9.00832e-06,0.179083,0.440165,0.492661,0.511522,0.521223,0.527133,0.531109
15.5255,8.97182e-06,0.179296,0.440964,0.493595,0.512506,0.522233,0.528158,0.532145
15.5856,8.94346e-06,0.179697,0.442259,0.49509,0.514074,0.523838,0.529786,0.533789
15.6456,8.92282e-06,0.180229,0.443889,0.496961,0.516033,0.525844,0.531819,0.535841
15.7057,8.9094e-06,0.180827,0.445674,0.499006,0.518172,0.528031,0.534036,0.538078
15.7658,8.9027e-06,0.181428,0.447433,0.501015,0.520273,0.530179,0.536214,0.540275
15.8258,8.90223e-06,0.18197,0.448995,0.502797,0.522135,0.532083,0.538142,0.542221
15.8859,8.9076e-06,0.182404,0.450217,0.504189,0.523588,0.533567,0.539646,0.543738
15.9459,8.91851e-06,0.182692,0.450996,0.505072,0.524509,0.534507,0.540598,0.544698
16.006,8.93482e-06,0.182816,0.451276,0.505383,0.52483,0.534835,0.540929,0.545031
16.0661,8.95653e-06,0.182775,0.451056,0.505118,0.52455,0.534546,0.540635,0.544734
16.1261,8.98376e-06,0.182589,0.450385,0.504338,0.523729,0.533704,0.53978,0.54387
16.1862,9.01681e-06,0.182292,0.449367,0.503156,0.522488,0.532432,0.538489,0.542566
16.2462,9.05603e-06,0.181938,0.448145,0.501737,0.520997,0.530904,0.536938,0.541
16.3063,9.10185e-06,0.181588,0.446893,0.500279,0.519463,0.529331,0.535341,0.539387
16.3664,9.1547e-06,0.181309,0.445801,0.498998,0.518112,0.527944,0.533932,0.537963
16.4264,9.21497e-06,0.181169,0.445058,0.49811,0.51717,0.526973,0.532945,0.536963
16.4865,9.28294e-06,0.181228,0.444839,0.497812,0.516843,0.52663,0.532592,0.536604
16.5465,9.35878e-06,0.181537,0.445286,0.498267,0.517299,0.527088,0.53305,0.537063
16.6066,9.44243e-06,0.182129,0.446495,0.499586,0.518657,0.528465,0.534439,0.53846
16.6667,9.53368e-06,0.183019,0.448513,0.501821,0.52097,0.530818,0.536816,0.540853
16.7267,9.63208e-06,0.184201,0.451326,0.504958,0.524223,0.53413,0.540165,0.544226
16.7868,9.73698e-06,0.185648,0.454863,0.508915,0.528331,0.538316,0.544398,0.548491
16.8468,9.84756e-06,0.187315,0.458997,0.513551,0.533147,0.543225,0.549364,0.553495
16.9069,9.96284e-06,0.189139,0.463561,0.518673,0.53847,0.548652,0.554854,0.559027
16.967,1.00818e-05,0.191048,0.468353,0.524053,0.544063,0.554353,0.560622,0.56484
17.027,1.02032e-05,0.192965,0.473156,0.529445,0.549667,0.560068,0.566402,0.570666
17.0871,1.03261e-05,0.194811,0.477755,0.534606,0.555029,0.565534,0.571932,0.576238
17.1471,1.04494e-05,0.196516,0.481955,0.53931,0.559916,0.570514,0.576969,0.581313
17.2072,1.05722e-05,0.198022,0.485593,0.543375,0.564134,0.574811,0.581314,0.585691
17.2673,1.06939e-05,0.199289,0.488554,0.546671,0.567549,0.578287,0.584828,0.58923
17.3273,1.08137e-05,0.200295,0.490783,0.549132,0.570093,0.580873,0.58744,0.591859
17.3874,1.09315e-05,0.201041,0.492282,0.550763,0.57177,0.582574,0.589155,0.593584
17.4474,1.10471e-05,0.201552,0.493117,0.551639,0.572659,0.58347,0.590054,0.594485
17.5075,1.11604e-05,0.201871,0.493411,0.551898,0.572904,0.583707,0.590286,0.594714
17.5676,1.12718e-05,0.202055,0.493329,0.551729,0.572703,0.583488,0.590057,0.594478
17.6276,1.13813e-05,0.202176,0.49307,0.55136,0.572291,0.583055,0.589611,0.594022
17.6877,1.14893e-05,0.202308,0.492846,0.551031,0.571923,0.582665,0.589208,0.593611
17.7477,1.15961e-05,0.202526,0.492867,0.550981,0.571845,0.582574,0.589107,0.593504
17.8078,1.17018e-05,0.202894,0.49332,0.551423,0.572282,0.583007,0.589539,0.593934
17.8679,1.18065e-05,0.203464,0.494353,0.552527,0.57341,0.584147,0.590686,0.595086
17.9279,1.191e-05,0.204269,0.496062,0.554402,0.575343,0.58611,0.592667,0.59708
17.988,1.2012e-05,0.205321,0.498483,0.557089,0.578126,0.588942,0.595529,0.599961
18.048,1.21121e-05,0.206607,0.501586,0.560555,0.581722,0.592605,0.599233,0.603693
18.1081,1.22094e-05,0.208093,0.505275,0.564692,0.58602,0.596986,0.603664,0.608158
18.1682,1.23032e-05,0.209722,0.509399,0.569327,0.59084,0.601901,0.608637,0.61317
18.2282,1.23924e-05,0.211422,0.513758,0.574235,0.595945,0.607108,0.613906,0.618481
18.2883,1.24761e-05,0.213112,0.518123,0.579154,0.601064,0.61233,0.619191,0.623808
18.3483,1.25532e-05,0.214703,0.522252,0.583808,0.605909,0.617272,0.624193,0.628851
18.4084,1.26227e-05,0.216113,0.525909,0.587932,0.610201,0.621651,0.628625,0.633318
18.4685,1.2684e-05,0.217267,0.528887,0.591287,0.613693,0.625213,0.63223,0.636952
18.5285,1.27362e-05,0.218107,0.53102,0.593687,0.616188,0.627758,0.634805,0.639547
18.5886,1.27791e-05,0.218594,0.532202,0.595008,0.61756,0.629156,0.636219,0.640972
18.6486,1.28125e-05,0.218716,0.532392,0.595207,0.617761,0.629358,0.636422,0.641175
18.7087,1.28365e-05,0.218483,0.531623,0.594317,0.616827,0.628402,0.635451,0.640195
18.7688,1.28515e-05,0.217933,0.529993,0.592453,0.614878,0.626408,0.633431,0.638156
18.8288,1.2858e-05,0.217125,0.527667,0.589799,0.612105,0.623574,0.630559,0.635259
18.8889,1.28567e-05,0.216132,0.524853,0.586595,0.608759,0.620154,0.627095,0.631765
18.9489,1.28485e-05,0.215044,0.521795,0.583116,0.605127,0.616444,0.623336,0.627973
19.009,1.28343e-05,0.213949,0.518747,0.579651,0.601511,0.61275,0.619594,0.6242
19.0691,1.28149e-05,0.212936,0.515955,0.576481,0.598204,0.609372,0.616173,0.620749
19.1291,1.2791e-05,0.212081,0.513635,0.573851,0.595461,0.606571,0.613337,0.61789
19.1892,1.27632e-05,0.211445,0.511955,0.571952,0.593484,0.604553,0.611294,0.61583
19.2492,1.27319e-05,0.211063,0.511021,0.570907,0.592398,0.603446,0.610175,0.614702
19.3093,1.26973e-05,0.210949,0.510869,0.570754,0.592246,0.603294,0.610023,0.614551
19.3694,1.26594e-05,0.211088,0.511459,0.57145,0.59298,0.604049,0.61079,0.615326
19.4294,1.26179e-05,0.211438,0.512677,0.572865,0.594467,0.605574,0.612338,0.616889
19.4895,1.25724e-05,0.211938,0.514349,0.574801,0.5965,0.607656,0.61445,0.619022
19.5495,1.25223e-05,0.212506,0.51625,0.577002,0.59881,0.610023,0.616852,0.621448
19.6096,1.24671e-05,0.213053,0.518124,0.579176,0.601095,0.612365,0.619229,0.623848
19.6697,1.24062e-05,0.213484,0.519707,0.581024,0.60304,0.614361,0.621256,0.625895
19.7297,1.23392e-05,0.21371,0.520747,0.582258,0.604346,0.615704,0.622621,0.627277
19.7898,1.22657e-05,0.213656,0.521028,0.582632,0.604755,0.616131,0.62306,0.627723
19.8498,1.21856e-05,0.213265,0.520386,0.58196,0.604073,0.615445,0.622371,0.627032
19.9099,1.2099e-05,0.212505,0.518729,0.580135,0.602189,0.61353,0.620437,0.625086
19.97,1.20064e-05,0.211373,0.516041,0.577139,0.599082,0.610366,0.617239,0.621864
20.03,1.19085e-05,0.209892,0.512386,0.573044,0.594828,0.606031,0.612854,0.617446
20.0901,1.18062e-05,0.208117,0.507907,0.568012,0.589597,0.600698,0.607458,0.612008
20.1502,1.17005e-05,0.206122,0.502814,0.562282,0.583637,0.594619,0.601307,0.605808
20.2102,1.15929e-05,0.204003,0.497368,0.556149,0.577257,0.588111,0.594721,0.59917
20.2703,1.14846e-05,0.201864,0.491861,0.549945,0.570801,0.581526,0.588057,0.592453
20.3303,1.13769e-05,0.199813,0.48659,0.54401,0.564626,0.575227,0.581683,0.586028
20.3904,1.12711e-05,0.19795,0.48184,0.538665,0.559066,0.569557,0.575946,0.580245
20.4505,1.11683e-05,0.196362,0.477851,0.534186,0.55441,0.564809,0.571143,0.575405
20.5105,1.10693e-05,0.195115,0.474808,0.53078,0.550875,0.561207,0.567499,0.571734
20.5706,1.09747e-05,0.194245,0.472818,0.528572,0.548588,0.55888,0.565148,0.569366
20.6306,1.08847e-05,0.193761,0.471903,0.527586,0.547577,0.557857,0.564118,0.56833
20.6907,1.07995e-05,0.19364,0.471999,0.527749,0.547767,0.55806,0.564329,0.568547
20.7508,1.07186e-05,0.193828,0.47296,0.528896,0.548983,0.559311,0.565602,0.569836
20.8108,1.06417e-05,0.194248,0.474569,0.53078,0.550967,0.561348,0.567671,0.571926
20.8709,1.05681e-05,0.194803,0.476554,0.533092,0.553399,0.563842,0.570203,0.574483
20.9309,1.04971e-05,0.195387,0.478616,0.53549,0.555921,0.566428,0.572828,0.577135
20.991,1.0428e-05,0.195891,0.480447,0.537626,0.558168,0.568733,0.575169,0.5795
21.0511,1.03601e-05,0.196214,0.481762,0.539173,0.559801,0.570411,0.576873,0.581223
21.1111,1.02931e-05,0.19627,0.482319,0.539858,0.560533,0.571167,0.577645,0.582004
21.1712,1.02267e-05,0.196,0.481943,0.539479,0.560154,0.570789,0.577267,0.581626
21.2312,1.01609e-05,0.195371,0.480542,0.537932,0.558555,0.569162,0.575624,0.579973
21.2913,1.0096e-05,0.194385,0.478114,0.535213,0.555731,0.566285,0.572714,0.577041
21.3514,1.00328e-05,0.193076,0.474752,0.531426,0.551792,0.562267,0.568648,0.572942
21.4114,9.97189e-06,0.19151,0.470632,0.526775,0.546948,0.557325,0.563645,0.567899
21.4715,9.91444e-06,0.189777,0.466009,0.521546,0.5415,0.551763,0.558014,0.562222
21.5315,9.86156e-06,0.187988,0.461189,0.516087,0.53581,0.545954,0.552132,0.556291
21.5916,9.81442e-06,0.186262,0.456507,0.510781,0.530277,0.540304,0.546412,0.550522
21.6517,9.77414e-06,0.184721,0.452302,0.506012,0.525303,0.535225,0.541268,0.545335
21.7117,9.74166e-06,0.183475,0.448885,0.502134,0.521259,0.531094,0.537084,0.541115
21.7718,9.71771e-06,0.182615,0.446516,0.499443,0.518451,0.528226,0.53418,0.538186
21.8318,9.70272e-06,0.182206,0.445379,0.49815,0.517102,0.526847,0.532783,0.536778
21.8919,9.69678e-06,0.18228,0.445568,0.498361,0.517321,0.527071,0.533009,0.537005
21.952,9.69961e-06,0.182832,0.447073,0.500068,0.5191,0.528888,0.534849,0.53886
22.012,9.7106e-06,0.183821,0.449787,0.503147,0.522311,0.532167,0.53817,0.542209
22.0721,9.72885e-06,0.185172,0.453505,0.507366,0.526713,0.536662,0.542722,0.5468
22.1321,9.75319e-06,0.186785,0.457945,0.512406,0.531969,0.542031,0.54816,0.552284
22.1922,9.7823e-06,0.188536,0.462765,0.517878,0.537678,0.547862,0.554065,0.558239
22.2523,9.81482e-06,0.190294,0.467598,0.523363,0.5434,0.553706,0.559983,0.564208
22.3123,9.84941e-06,0.191925,0.472072,0.528441,0.548697,0.559115,0.565462,0.569733
22.3724,9.88486e-06,0.193311,0.475851,0.532726,0.553165,0.563679,0.570083,0.574393
22.4324,9.92019e-06,0.194351,0.478652,0.535899,0.556473,0.567056,0.573503,0.577842
22.4925,9.95473e-06,0.194976,0.480281,0.537737,0.558387,0.569009,0.575479,0.579834
22.5526,9.98811e-06,0.195154,0.48064,0.538129,0.55879,0.569418,0.575892,0.580249
22.6126,1.00203e-05,0.194891,0.479742,0.537089,0.557698,0.568299,0.574756,0.579102
22.6727,1.00518e-05,0.194231,0.477712,0.534757,0.555256,0.565801,0.572223,0.576546
22.7327,1.0083e-05,0.193256,0.474772,0.531388,0.551731,0.562194,0.568568,0.572857
22.7928,1.01149e-05,0.192076,0.471231,0.527331,0.547486,0.557852,0.564167,0.568416
22.8529,1.01484e-05,0.190822,0.467456,0.523004,0.542958,0.55322,0.559471,0.563677
22.9129,1.01845e-05,0.189635,0.463841,0.518856,0.538616,0.548777,0.554966,0.559131
22.973,1.02242e-05,0.188653,0.460779,0.515333,0.534924,0.544999,0.551135,0.555264
23.033,1.02682e-05,0.188002,0.458623,0.512838,0.532306,0.542316,0.548413,0.552515
23.0931,1.0317e-05,0.187781,0.457659,0.511698,0.5311,0.541076,0.547152,0.551241
23.1532,1.03707e-05,0.188057,0.45808,0.512131,0.531537,0.541515,0.547592,0.551681
23.2132,1.04289e-05,0.188855,0.459966,0.514231,0.533713,0.543731,0.549832,0.553937
23.2733,1.04912e-05,0.190159,0.463277,0.517953,0.537583,0.547677,0.553824,0.557961
23.3333,1.05564e-05,0.191908,0.467852,0.523114,0.542957,0.553159,0.559373,0.563555
23.3934,1.06232e-05,0.194003,0.473419,0.529408,0.549513,0.559852,0.566148,0.570385
23.4535,1.06901e-05,0.196314,0.47962,0.536426,0.556826,0.567317,0.573707,0.578007
23.5135,1.07553e-05,0.19869,0.486031,0.543687,0.564396,0.575046,0.581532,0.585897
23.5736,1.08173e-05,0.200968,0.492202,0.55068,0.571687,0.58249,0.589071,0.593499
23.6336,1.08743e-05,0.202991,0.497691,0.556903,0.578175,0.589115,0.595779,0.600264
23.6937,1.09251e-05,0.204618,0.502102,0.561902,0.583388,0.594438,0.601169,0.605699
23.7538,1.09688e-05,0.205737,0.505116,0.565316,0.586947,0.598072,0.604849,0.60941
23.8138,1.10046e-05,0.206275,0.506521,0.566903,0.588599,0.599758,0.606556,0.61113
23.8739,1.10325e-05,0.206202,0.506229,0.566562,0.58824,0.59939,0.606182,0.610752
23.9339,1.10527e-05,0.205538,0.504291,0.564349,0.585927,0.597025,0.603785,0.608335
23.994,1.10661e-05,0.204351,0.500888,0.560469,0.581874,0.592883,0.599589,0.604101
24.0541,1.10738e-05,0.202751,0.496322,0.555267,0.57644,0.58733,0.593963,0.598426
24.1141,1.10771e-05,0.200883,0.490996,0.549197,0.570101,0.580852,0.587399,0.591805
24.1742,1.10776e-05,0.198913,0.485376,0.542793,0.563411,0.574014,0.580472,0.584817
24.2342,1.10768e-05,0.19702,0.479959,0.536616,0.556959,0.567419,0.57379,0.578077
24.2943,1.10763e-05,0.195376,0.475228,0.531219,0.551319,0.561654,0.567948,0.572184
24.3544,1.10771e-05,0.194132,0.471614,0.527091,0.547005,0.557243,0.563479,0.567674
24.4144,1.10801e-05,0.193408,0.46946,0.524624,0.544423,0.554602,0.560801,0.564973
24.4745,1.10859e-05,0.193281,0.468987,0.524069,0.543838,0.554002,0.560191,0.564356
24.5345,1.10942e-05,0.193776,0.470274,0.525519,0.545347,0.55554,0.561748,0.565926
24.5946,1.11047e-05,0.194865,0.473252,0.528895,0.548867,0.559136,0.565389,0.569597
24.6547,1.11164e-05,0.196467,0.477702,0.53395,0.554142,0.564524,0.570846,0.575101
24.7147,1.1128e-05,0.198454,0.483272,0.540286,0.560755,0.57128,0.57769,0.582003
24.7748,1.1138e-05,0.20066,0.489505,0.54738,0.568162,0.578849,0.585358,0.589738
24.8348,1.11447e-05,0.202896,0.49587,0.554633,0.575737,0.58659,0.593201,0.597649
24.8949,1.11466e-05,0.204964,0.501811,0.56141,0.582818,0.593828,0.600535,0.605048
24.955,1.11423e-05,0.206672,0.50679,0.567098,0.588765,0.599908,0.606696,0.611264
25.015,1.11307e-05,0.207853,0.51033,0.571156,0.593012,0.604253,0.6111,0.615708
25.0751,1.11113e-05,0.208379,0.512063,0.573162,0.595117,0.60641,0.613289,0.617919
25.1351,1.1084e-05,0.20817,0.511757,0.572851,0.594805,0.606098,0.612977,0.617607
25.1952,1.10494e-05,0.207208,0.509342,0.570143,0.591992,0.60323,0.610076,0.614683
25.2553,1.10085e-05,0.205534,0.504923,0.565153,0.586796,0.597928,0.604709,0.609273
25.3153,1.09629e-05,0.203249,0.498772,0.558189,0.579538,0.590519,0.597207,0.601709
25.3754,1.09147e-05,0.200509,0.49131,0.549731,0.570719,0.581513,0.588088,0.592513
25.4354,1.08662e-05,0.197511,0.483081,0.540393,0.560979,0.571566,0.578015,0.582354
25.4955,1.08197e-05,0.194478,0.474705,0.530883,0.551057,0.561431,0.56775,0.572002
25.5556,1.07777e-05,0.191644,0.466835,0.521939,0.541724,0.551897,0.558093,0.562262
25.6156,1.07423e-05,0.189233,0.460097,0.514276,0.533725,0.543725,0.549815,0.553914
25.6757,1.07153e-05,0.187439,0.455045,0.508524,0.527719,0.537587,0.543597,0.547641
25.7357,1.06977e-05,0.186414,0.452106,0.505171,0.524215,0.534006,0.539968,0.54398
25.7958,1.06902e-05,0.186247,0.451551,0.504525,0.523536,0.533309,0.539261,0.543266
25.8559,1.06928e-05,0.186964,0.453458,0.506679,0.525779,0.535598,0.541578,0.545602
25.9159,1.07047e-05,0.188517,0.457711,0.511501,0.530807,0.540732,0.546777,0.550844
25.976,1.07247e-05,0.190789,0.463994,0.518635,0.538249,0.548334,0.554476,0.558609
26.036,1.07509e-05,0.193601,0.471822,0.52753,0.547532,0.557817,0.56408,0.568295
26.0961,1.07814e-05,0.196728,0.480569,0.537477,0.557914,0.568423,0.574824,0.579132
26.1562,1.0814e-05,0.199913,0.489521,0.547663,0.568548,0.579289,0.585831,0.590233
26.2162,1.08467e-05,0.202889,0.497931,0.557238,0.578547,0.589506,0.596181,0.600674
26.2763,1.08778e-05,0.205401,0.505079,0.565385,0.587056,0.598202,0.604992,0.609562
26.3363,1.09059e-05,0.207229,0.510336,0.571385,0.593326,0.604612,0.611488,0.616115
26.3964,1.09304e-05,0.208205,0.513219,0.574686,0.59678,0.608146,0.615069,0.619729
26.4565,1.09516e-05,0.208233,0.513434,0.574953,0.597066,0.608442,0.615372,0.620036
26.5165,1.09701e-05,0.207293,0.510909,0.572099,0.594094,0.605408,0.612301,0.61694
26.5766,1.09877e-05,0.205453,0.505807,0.566307,0.588052,0.599238,0.606052,0.610638
26.6366,1.10065e-05,0.202861,0.498521,0.558022,0.579404,0.590403,0.597102,0.601611
26.6967,1.10293e-05,0.199739,0.489651,0.547921,0.568857,0.579624,0.586183,0.590597
26.7568,1.1059e-05,0.196366,0.479961,0.536872,0.557313,0.567826,0.574229,0.578538
26.8168,1.10986e-05,0.193055,0.47032,0.525861,0.545804,0.55606,0.562306,0.566509
26.8769,1.11509e-05,0.190132,0.461638,0.515923,0.53541,0.545428,0.55153,0.555636
26.9369,1.12183e-05,0.187909,0.454791,0.508055,0.527169,0.536995,0.542979,0.547005
26.997,1.13023e-05,0.186655,0.450545,0.50313,0.521995,0.531693,0.537598,0.541571
27.0571,1.14037e-05,0.186575,0.449494,0.501826,0.520597,0.530245,0.536119,0.540072
27.1171,1.15224e-05,0.187786,0.451999,0.504558,0.523407,0.533096,0.538995,0.542964
27.1772,1.16572e-05,0.190312,0.458151,0.511433,0.530542,0.540363,0.546344,0.550367
27.2372,1.18059e-05,0.194068,0.467753,0.522232,0.541772,0.551816,0.557932,0.562047
27.2973,1.19655e-05,0.19887,0.480322,0.536412,0.556534,0.566877,0.573176,0.577414
27.3574,1.21327e-05,0.204442,0.495119,0.553135,0.573954,0.584656,0.591174,0.595559
27.4174,1.23035e-05,0.210434,0.511195,0.571327,0.592912,0.604009,0.610768,0.615316
27.4775,1.24741e-05,0.216453,0.527461,0.589752,0.612119,0.62362,0.630624,0.635338
27.5375,1.2641e-05,0.222083,0.54277,0.607107,0.630215,0.642098,0.649336,0.654207
27.5976,1.28012e-05,0.226928,0.556006,0.622123,0.645876,0.658093,0.665534,0.670542
27.6577,1.29526e-05,0.23064,0.56618,0.633673,0.657926,0.6704,0.677998,0.683112
27.7177,1.30945e-05,0.232951,0.572513,0.640867,0.665432,0.678068,0.685765,0.690945
27.7778,1.3227e-05,0.233697,0.57451,0.643137,0.667801,0.680489,0.688217,0.693419
27.8378,1.33515e-05,0.232842,0.572014,0.640297,0.664838,0.677461,0.685151,0.690326
27.8979,1.34707e-05,0.230479,0.565237,0.632582,0.656782,0.66923,0.676813,0.681916
27.958,1.35878e-05,0.22684,0.554762,0.620645,0.644315,0.656489,0.663904,0.668895
28.018,1.37067e-05,0.222274,0.541515,0.605532,0.628524,0.640348,0.64755,0.652396
28.0781,1.38314e-05,0.217235,0.52671,0.588615,0.61084,0.622267,0.629227,0.63391
28.1381,1.39652e-05,0.212244,0.511767,0.571505,0.592941,0.603961,0.610671,0.615187
28.1982,1.41105e-05,0.207856,0.498213,0.555933,0.576632,0.587272,0.59375,0.598108
28.2583,1.42683e-05,0.204614,0.487562,0.54362,0.563712,0.574036,0.580322,0.584551
28.3183,1.44375e-05,0.203006,0.481199,0.536143,0.555824,0.565936,0.572091,0.576232
28.3784,1.46145e-05,0.203423,0.480258,0.534796,0.554324,0.564354,0.57046,0.574567
28.4384,1.47934e-05,0.206119,0.485517,0.540474,0.560145,0.570249,0.576399,0.580535
28.4985,1.49655e-05,0.211181,0.497314,0.553571,0.573706,0.584048,0.590342,0.594576
28.5586,1.51193e-05,0.21851,0.515485,0.573917,0.594834,0.605577,0.612116,0.616514
28.6186,1.52414e-05,0.227814,0.539344,0.60075,0.622738,0.634032,0.640907,0.645532
28.6787,1.53164e-05,0.238611,0.567692,0.632724,0.656021,0.667989,0.675275,0.680177
28.7387,1.5328e-05,0.250254,0.598864,0.667968,0.692736,0.705464,0.713212,0.718425
28.7988,1.52596e-05,0.261958,0.630819,0.704181,0.73049,0.744012,0.752245,0.757785
28.8589,1.50954e-05,0.272849,0.661253,0.73876,0.766572,0.78087,0.789576,0.795435
28.9189,1.48214e-05,0.282016,0.687737,0.768963,0.798125,0.81312,0.822252,0.828398
28.979,1.44261e-05,0.288568,0.707879,0.792081,0.822327,0.837882,0.847357,0.853733
29.039,1.39022e-05,0.291694,0.719479,0.805622,0.83658,0.852504,0.862205,0.868733
29.0991,1.32464e-05,0.290726,0.72069,0.807491,0.838699,0.854754,0.864535,0.871118
29.1592,1.24611e-05,0.285183,0.710157,0.796145,0.827072,0.842986,0.852681,0.859207
29.2192,1.15541e-05,0.27482,0.687133,0.770727,0.800803,0.816281,0.825711,0.832059
29.2793,1.05388e-05,0.259652,0.651555,0.731152,0.759799,0.774543,0.783527,0.789574
29.3393,9.43455e-06,0.23997,0.604089,0.678159,0.704823,0.718548,0.726911,0.732541
29.3994,8.2657e-06,0.216335,0.54612,0.613296,0.637485,0.649937,0.657524,0.662632
29.4595,7.06106e-06,0.189561,0.479703,0.538873,0.560184,0.571154,0.57784,0.582341
29.5195,5.85288e-06,0.160677,0.407467,0.457848,0.475995,0.485339,0.491033,0.494866
29.5796,4.67564e-06,0.130872,0.332483,0.373677,0.388518,0.396159,0.400816,0.403951
29.6396,3.5646e-06,0.10144,0.258103,0.290136,0.301678,0.307621,0.311243,0.313681
29.6997,2.5544e-06,0.0737038,0.187768,0.211105,0.219515,0.223845,0.226484,0.22826
29.7598,1.67749e-06,0.0489462,0.124822,0.140353,0.14595,0.148832,0.150588,0.151771
29.8198,9.62735e-07,0.028334,0.0723126,0.0813179,0.0845634,0.0862346,0.0872532,0.087939
29.8799,4.34075e-07,0.0128535,0.0328219,0.0369118,0.0383859,0.0391449,0.0396076,0.039919
29.9399,1.09459e-07,0.00325307,0.00830955,0.00934538,0.00971872,0.00991096,0.0100281,0.010107
30,0,0,0,0,0,0,0,0
